,D_home,GA_home,GD_home,GF_home,GP_home,L_home,Pts_home,W_home,team,year,D_away,GA_away,GD_away,GF_away,GP_away,L_away,Pts_away,W_away,ppg_away,ppg_home,ppg_home_away_diff,Avg_all,BTS_all,CS_all,FTS_all,GP_all,LTN_all,WTN_all,g_0.5+_all,g_1.5+_all,g_2.5+_all,g_3.5+_all,g_4.5+_all,g_5.5+_all,g_6.5+_all,Avg_home,BTS_home,CS_home,FTS_home,LTN_home,WTN_home,g_0.5+_home,g_1.5+_home,g_2.5+_home,g_3.5+_home,g_4.5+_home,g_5.5+_home,g_6.5+_home,Avg_away,BTS_away,CS_away,FTS_away,LTN_away,WTN_away,g_0.5+_away,g_1.5+_away,g_2.5+_away,g_3.5+_away,g_4.5+_away,g_5.5+_away,g_6.5+_away,Avg_htime,BTS_htime,CS_htime,FTS_htime,LTN_htime,WTN_htime,g_0.5+_htime,g_1.5+_htime,g_2.5+_htime,g_3.5+_htime,g_4.5+_htime,g_5.5+_htime,g_6.5+_htime,half_1_con,half_1_goal,half_2_con,half_2_goal,min_0-15_con,min_0-15_goal,min_16-30_con,min_16-30_goal,min_31-45_con,min_31-45_goal,min_46-60_con,min_46-60_goal,min_61-75_con,min_61-75_goal,min_76-90_con,min_76-90_goal
0,1,12,43,55,19,0,55,18,Manchester City,2012,4,17,21,38,19,5,34,10,1.79,2.89,1.1,3.21,0.45,0.45,0.13,38,0.11,0.42,0.97,0.76,0.61,0.42,0.26,0.13,0.05,3.53,0.42,0.58,0.0,0.0,0.58,1.0,0.89,0.79,0.47,0.26,0.11,0.0,2.89,0.47,0.32,0.26,0.21,0.26,0.95,0.63,0.42,0.37,0.26,0.16,0.11,0.95,0.13,0.87,0.39,0.0,0.47,0.61,0.29,0.05,0.0,0.0,0.0,0.0,6.0,30.0,23.0,63.0,0.0,5.0,1.0,12.0,5.0,13.0,8.0,19.0,8.0,22.0,7.0,22.0
1,2,19,33,52,19,2,47,15,Manchester Utd,2012,3,14,23,37,19,3,42,13,2.21,2.47,0.26,3.21,0.39,0.53,0.08,38,0.08,0.53,1.0,0.79,0.53,0.34,0.26,0.11,0.08,3.74,0.42,0.58,0.0,0.0,0.58,1.0,0.89,0.58,0.42,0.32,0.16,0.16,2.68,0.37,0.47,0.16,0.16,0.47,1.0,0.68,0.47,0.26,0.21,0.05,0.0,1.26,0.08,0.79,0.32,0.13,0.61,0.82,0.29,0.13,0.03,0.0,0.0,0.0,8.0,40.0,25.0,49.0,0.0,10.0,2.0,13.0,6.0,17.0,9.0,14.0,6.0,17.0,10.0,18.0
2,3,17,22,39,19,3,42,13,Tottenham,2012,6,24,3,27,19,6,27,7,1.42,2.21,0.79,2.82,0.55,0.37,0.16,38,0.08,0.29,0.92,0.82,0.53,0.34,0.13,0.05,0.03,2.95,0.53,0.47,0.0,0.0,0.47,1.0,0.89,0.53,0.37,0.11,0.05,0.0,2.68,0.58,0.26,0.32,0.16,0.11,0.84,0.74,0.53,0.32,0.16,0.05,0.05,1.18,0.13,0.68,0.45,0.18,0.42,0.74,0.34,0.05,0.05,0.0,0.0,0.0,15.0,30.0,26.0,36.0,3.0,11.0,5.0,7.0,7.0,12.0,12.0,6.0,7.0,22.0,7.0,8.0
3,4,17,22,39,19,3,40,12,Arsenal,2012,3,32,3,35,19,7,30,9,1.58,2.11,0.53,3.24,0.61,0.34,0.13,38,0.05,0.26,0.92,0.76,0.66,0.26,0.21,0.16,0.13,2.95,0.53,0.42,0.11,0.05,0.37,0.95,0.74,0.58,0.21,0.16,0.16,0.11,3.53,0.68,0.26,0.16,0.05,0.16,0.89,0.79,0.74,0.32,0.26,0.16,0.16,1.58,0.45,0.5,0.34,0.05,0.21,0.71,0.55,0.21,0.11,0.0,0.0,0.0,26.0,34.0,23.0,40.0,9.0,12.0,8.0,11.0,9.0,11.0,5.0,10.0,9.0,14.0,9.0,16.0
4,3,24,17,41,19,4,39,12,Chelsea,2012,7,22,2,24,19,6,25,6,1.32,2.05,0.73,2.92,0.63,0.26,0.21,38,0.11,0.16,0.89,0.76,0.58,0.29,0.18,0.13,0.05,3.42,0.68,0.26,0.11,0.05,0.21,0.95,0.84,0.74,0.37,0.21,0.16,0.11,2.42,0.58,0.26,0.32,0.16,0.11,0.84,0.68,0.42,0.21,0.16,0.11,0.0,1.18,0.11,0.68,0.55,0.21,0.34,0.66,0.32,0.16,0.05,0.0,0.0,0.0,16.0,29.0,30.0,36.0,6.0,9.0,5.0,9.0,5.0,11.0,6.0,15.0,4.0,5.0,20.0,16.0
5,5,17,12,29,19,3,38,11,Newcastle Utd,2012,3,34,-7,27,19,8,27,8,1.42,2.0,0.58,2.82,0.5,0.39,0.18,38,0.11,0.32,0.92,0.82,0.55,0.34,0.11,0.05,0.03,2.42,0.42,0.47,0.21,0.11,0.37,0.89,0.74,0.53,0.21,0.05,0.0,0.0,3.21,0.58,0.32,0.16,0.11,0.26,0.95,0.89,0.58,0.47,0.16,0.11,0.05,1.37,0.18,0.61,0.47,0.21,0.34,0.74,0.42,0.16,0.05,0.0,0.0,0.0,24.0,28.0,27.0,28.0,6.0,10.0,6.0,10.0,12.0,8.0,6.0,7.0,11.0,10.0,10.0,11.0
6,5,26,10,36,19,4,35,10,Fulham,2012,5,25,-13,12,19,10,17,4,0.89,1.84,0.95,2.61,0.45,0.29,0.34,38,0.26,0.21,0.92,0.79,0.47,0.24,0.11,0.05,0.03,3.26,0.63,0.26,0.16,0.11,0.21,0.95,0.89,0.68,0.37,0.21,0.11,0.05,1.95,0.26,0.32,0.53,0.42,0.21,0.89,0.68,0.26,0.11,0.0,0.0,0.0,1.13,0.05,0.58,0.68,0.37,0.26,0.68,0.34,0.11,0.0,0.0,0.0,0.0,23.0,20.0,28.0,28.0,6.0,7.0,5.0,4.0,12.0,9.0,7.0,9.0,4.0,9.0,17.0,10.0
7,3,15,13,28,19,6,33,10,Everton,2012,8,25,-3,22,19,6,23,5,1.21,1.74,0.53,2.37,0.45,0.32,0.26,38,0.24,0.29,0.97,0.71,0.34,0.24,0.03,0.03,0.03,2.26,0.37,0.37,0.26,0.26,0.37,1.0,0.63,0.37,0.26,0.0,0.0,0.0,2.47,0.53,0.26,0.26,0.21,0.21,0.95,0.79,0.32,0.21,0.05,0.05,0.05,0.92,0.16,0.61,0.61,0.24,0.24,0.63,0.24,0.05,0.0,0.0,0.0,0.0,17.0,18.0,23.0,32.0,3.0,3.0,4.0,8.0,10.0,7.0,4.0,7.0,12.0,9.0,7.0,16.0
8,7,18,9,27,19,4,31,8,Swansea City,2012,4,33,-16,17,19,11,16,4,0.84,1.63,0.79,2.5,0.37,0.37,0.39,38,0.26,0.24,0.87,0.74,0.39,0.26,0.13,0.05,0.03,2.37,0.37,0.47,0.32,0.16,0.32,0.84,0.68,0.32,0.21,0.16,0.05,0.05,2.63,0.37,0.26,0.47,0.37,0.16,0.89,0.79,0.47,0.32,0.11,0.05,0.0,1.11,0.13,0.61,0.61,0.26,0.26,0.66,0.29,0.08,0.03,0.03,0.03,0.0,21.0,21.0,30.0,23.0,7.0,9.0,6.0,4.0,8.0,8.0,10.0,10.0,10.0,4.0,10.0,9.0
9,8,20,5,25,19,4,29,7,Stoke City,2012,4,33,-22,11,19,11,16,4,0.84,1.53,0.69,2.34,0.5,0.24,0.34,38,0.26,0.16,0.92,0.74,0.42,0.21,0.05,0.0,0.0,2.37,0.63,0.32,0.16,0.05,0.21,0.89,0.74,0.42,0.26,0.05,0.0,0.0,2.32,0.37,0.16,0.53,0.47,0.11,0.95,0.74,0.42,0.16,0.05,0.0,0.0,1.13,0.13,0.47,0.71,0.39,0.16,0.68,0.37,0.08,0.0,0.0,0.0,0.0,29.0,14.0,24.0,22.0,7.0,5.0,11.0,4.0,11.0,5.0,7.0,4.0,6.0,9.0,11.0,9.0
10,7,17,9,26,19,5,28,7,Sunderland,2012,5,29,-10,19,19,10,17,4,0.89,1.47,0.58,2.39,0.47,0.32,0.34,38,0.21,0.18,0.87,0.66,0.5,0.26,0.08,0.03,0.0,2.26,0.47,0.42,0.26,0.11,0.26,0.84,0.63,0.53,0.26,0.0,0.0,0.0,2.53,0.47,0.21,0.42,0.32,0.11,0.89,0.68,0.47,0.26,0.16,0.05,0.0,1.0,0.18,0.61,0.61,0.21,0.21,0.61,0.26,0.11,0.03,0.0,0.0,0.0,18.0,20.0,28.0,25.0,7.0,4.0,5.0,8.0,6.0,8.0,6.0,10.0,9.0,3.0,13.0,12.0
11,9,16,8,24,19,4,27,6,Liverpool,2012,1,24,-1,23,19,10,25,8,1.32,1.42,0.1,2.29,0.45,0.32,0.34,38,0.24,0.21,0.89,0.71,0.42,0.18,0.08,0.0,0.0,2.11,0.63,0.26,0.26,0.11,0.11,0.84,0.68,0.37,0.16,0.05,0.0,0.0,2.47,0.26,0.37,0.42,0.37,0.32,0.95,0.74,0.47,0.21,0.11,0.0,0.0,0.97,0.13,0.66,0.61,0.21,0.26,0.61,0.29,0.08,0.0,0.0,0.0,0.0,15.0,22.0,25.0,25.0,5.0,7.0,5.0,8.0,5.0,7.0,10.0,8.0,6.0,6.0,9.0,11.0
12,6,30,-2,28,19,6,27,7,Norwich City,2012,5,36,-12,24,19,9,20,5,1.05,1.42,0.37,3.11,0.71,0.08,0.24,38,0.21,0.05,0.97,0.89,0.61,0.29,0.18,0.13,0.03,3.05,0.68,0.16,0.21,0.16,0.11,0.95,0.89,0.58,0.26,0.16,0.16,0.05,3.16,0.74,0.0,0.26,0.26,0.0,1.0,0.89,0.63,0.32,0.21,0.11,0.0,1.39,0.29,0.34,0.5,0.37,0.21,0.87,0.45,0.08,0.0,0.0,0.0,0.0,29.0,24.0,37.0,28.0,10.0,8.0,12.0,6.0,7.0,10.0,7.0,7.0,15.0,7.0,15.0,14.0
13,5,25,-1,24,19,7,26,7,QP Rangers,2012,2,41,-22,19,19,14,11,3,0.58,1.37,0.79,2.87,0.55,0.18,0.29,38,0.26,0.16,0.97,0.74,0.53,0.34,0.21,0.05,0.03,2.58,0.58,0.26,0.21,0.16,0.21,0.95,0.74,0.47,0.26,0.16,0.0,0.0,3.16,0.53,0.11,0.37,0.37,0.11,1.0,0.74,0.58,0.42,0.26,0.11,0.05,1.34,0.18,0.37,0.61,0.45,0.21,0.84,0.34,0.13,0.03,0.0,0.0,0.0,32.0,19.0,34.0,24.0,10.0,5.0,8.0,8.0,14.0,6.0,9.0,6.0,15.0,8.0,10.0,10.0
14,7,27,-5,22,19,7,22,5,Wigan Athletic,2012,3,35,-15,20,19,10,21,6,1.11,1.16,0.05,2.74,0.58,0.21,0.29,38,0.21,0.13,0.92,0.82,0.55,0.32,0.11,0.03,0.0,2.58,0.47,0.32,0.32,0.21,0.21,0.89,0.79,0.37,0.32,0.16,0.05,0.0,2.89,0.68,0.11,0.26,0.21,0.05,0.95,0.84,0.74,0.32,0.05,0.0,0.0,1.24,0.24,0.45,0.63,0.32,0.13,0.68,0.39,0.13,0.03,0.0,0.0,0.0,27.0,20.0,35.0,22.0,8.0,7.0,6.0,2.0,13.0,11.0,8.0,6.0,11.0,5.0,16.0,11.0
15,3,22,-1,21,19,10,21,6,West Brom,2012,5,30,-6,24,19,7,26,7,1.37,1.11,-0.26,2.55,0.5,0.26,0.32,38,0.24,0.18,0.92,0.74,0.55,0.24,0.08,0.03,0.0,2.26,0.42,0.42,0.32,0.16,0.26,0.84,0.63,0.53,0.21,0.05,0.0,0.0,2.84,0.58,0.11,0.32,0.32,0.11,1.0,0.84,0.58,0.26,0.11,0.05,0.0,1.21,0.24,0.5,0.58,0.26,0.18,0.68,0.37,0.11,0.05,0.0,0.0,0.0,26.0,20.0,26.0,25.0,7.0,10.0,11.0,3.0,8.0,7.0,8.0,6.0,9.0,6.0,9.0,13.0
16,7,25,-5,20,19,8,19,4,Aston Villa,2012,10,28,-11,17,19,6,19,3,1.0,1.0,0.0,2.37,0.55,0.24,0.39,38,0.21,0.05,0.82,0.74,0.42,0.26,0.11,0.03,0.0,2.37,0.58,0.21,0.32,0.21,0.11,0.89,0.74,0.37,0.21,0.11,0.05,0.0,2.37,0.53,0.26,0.47,0.21,0.0,0.74,0.74,0.47,0.32,0.11,0.0,0.0,1.11,0.18,0.53,0.61,0.29,0.21,0.68,0.37,0.05,0.0,0.0,0.0,0.0,25.0,17.0,28.0,20.0,8.0,4.0,12.0,6.0,5.0,7.0,8.0,5.0,10.0,6.0,10.0,9.0
17,1,33,-7,26,19,12,19,6,Blackburn,2012,6,45,-23,22,19,11,12,2,0.63,1.0,0.37,3.32,0.66,0.08,0.26,38,0.26,0.08,1.0,0.92,0.63,0.34,0.21,0.13,0.05,3.11,0.58,0.11,0.32,0.32,0.11,1.0,0.84,0.58,0.32,0.21,0.11,0.05,3.53,0.74,0.05,0.21,0.21,0.05,1.0,1.0,0.68,0.37,0.21,0.16,0.05,1.47,0.26,0.39,0.53,0.34,0.21,0.82,0.45,0.18,0.03,0.0,0.0,0.0,35.0,21.0,43.0,27.0,9.0,2.0,14.0,8.0,12.0,11.0,15.0,11.0,10.0,9.0,18.0,7.0
18,4,39,-16,23,19,11,16,4,Bolton,2012,2,38,-15,23,19,11,20,6,1.05,0.84,-0.21,3.24,0.58,0.08,0.37,38,0.34,0.05,0.97,0.97,0.74,0.37,0.16,0.03,0.0,3.26,0.63,0.11,0.32,0.26,0.05,0.95,0.95,0.68,0.37,0.26,0.05,0.0,3.21,0.53,0.05,0.42,0.42,0.05,1.0,1.0,0.79,0.37,0.05,0.0,0.0,1.29,0.18,0.5,0.63,0.32,0.18,0.68,0.42,0.16,0.03,0.0,0.0,0.0,29.0,20.0,48.0,26.0,7.0,5.0,8.0,8.0,14.0,7.0,18.0,4.0,16.0,14.0,14.0,8.0
19,3,43,-24,19,19,13,12,3,Wolverhampton,2012,7,39,-18,21,19,10,13,2,0.68,0.63,-0.05,3.21,0.63,0.11,0.34,38,0.26,0.03,0.92,0.92,0.71,0.34,0.21,0.05,0.03,3.26,0.53,0.11,0.42,0.37,0.05,0.95,0.95,0.74,0.37,0.21,0.05,0.0,3.16,0.74,0.11,0.26,0.16,0.0,0.89,0.89,0.68,0.32,0.21,0.05,0.05,1.58,0.29,0.32,0.63,0.39,0.08,0.76,0.58,0.16,0.03,0.03,0.03,0.0,43.0,17.0,39.0,23.0,16.0,1.0,12.0,7.0,15.0,9.0,10.0,9.0,13.0,6.0,16.0,8.0
20,0,19,26,45,19,3,48,16,Manchester Utd,2013,5,24,17,41,19,2,41,12,2.16,2.53,0.37,3.39,0.58,0.34,0.08,38,0.08,0.34,1.0,0.82,0.63,0.42,0.26,0.11,0.08,3.37,0.58,0.37,0.05,0.05,0.37,1.0,0.84,0.74,0.42,0.21,0.11,0.05,3.42,0.58,0.32,0.11,0.11,0.32,1.0,0.79,0.53,0.42,0.32,0.11,0.11,1.63,0.29,0.66,0.26,0.05,0.45,0.79,0.47,0.21,0.08,0.03,0.03,0.03,17.0,45.0,26.0,41.0,7.0,17.0,6.0,16.0,4.0,12.0,15.0,11.0,3.0,14.0,8.0,16.0
21,3,15,26,41,19,2,45,14,Manchester City,2013,6,19,6,25,19,4,33,9,1.74,2.37,0.63,2.63,0.47,0.47,0.16,38,0.05,0.37,0.89,0.74,0.5,0.32,0.13,0.03,0.03,2.95,0.47,0.53,0.0,0.0,0.53,1.0,0.79,0.58,0.37,0.21,0.0,0.0,2.32,0.47,0.42,0.32,0.11,0.21,0.79,0.68,0.42,0.26,0.05,0.05,0.05,1.03,0.18,0.71,0.42,0.11,0.39,0.68,0.29,0.05,0.0,0.0,0.0,0.0,13.0,26.0,21.0,40.0,4.0,6.0,6.0,5.0,3.0,15.0,7.0,8.0,8.0,15.0,6.0,17.0
22,6,17,16,33,19,1,42,12,Everton,2013,9,23,-1,22,19,6,21,4,1.11,2.21,1.1,2.5,0.63,0.29,0.18,38,0.08,0.18,0.89,0.79,0.53,0.24,0.03,0.03,0.0,2.63,0.63,0.37,0.05,0.0,0.32,0.95,0.79,0.53,0.26,0.05,0.05,0.0,2.37,0.63,0.21,0.32,0.16,0.05,0.84,0.79,0.53,0.21,0.0,0.0,0.0,1.37,0.29,0.58,0.34,0.13,0.37,0.79,0.39,0.13,0.05,0.0,0.0,0.0,20.0,32.0,20.0,23.0,12.0,9.0,3.0,8.0,5.0,15.0,3.0,8.0,5.0,5.0,12.0,10.0
23,5,16,25,41,19,2,41,12,Chelsea,2013,4,23,11,34,19,5,34,10,1.79,2.16,0.37,3.0,0.58,0.37,0.13,38,0.05,0.29,0.92,0.79,0.61,0.37,0.18,0.08,0.03,3.0,0.53,0.42,0.16,0.05,0.32,0.89,0.74,0.53,0.37,0.26,0.11,0.05,3.0,0.63,0.32,0.11,0.05,0.26,0.95,0.84,0.68,0.37,0.11,0.05,0.0,1.42,0.24,0.68,0.29,0.08,0.47,0.79,0.45,0.16,0.03,0.0,0.0,0.0,15.0,39.0,24.0,36.0,7.0,9.0,4.0,14.0,4.0,16.0,7.0,10.0,7.0,13.0,10.0,13.0
24,5,23,24,47,19,3,38,11,Arsenal,2013,5,14,11,25,19,4,35,10,1.84,2.0,0.16,2.87,0.55,0.37,0.18,38,0.08,0.26,0.89,0.68,0.45,0.29,0.21,0.16,0.11,3.68,0.63,0.26,0.21,0.11,0.16,0.89,0.79,0.58,0.47,0.37,0.26,0.16,2.05,0.47,0.47,0.16,0.05,0.37,0.89,0.58,0.32,0.11,0.05,0.05,0.05,1.32,0.29,0.53,0.47,0.18,0.24,0.71,0.39,0.11,0.08,0.03,0.0,0.0,22.0,28.0,15.0,44.0,4.0,9.0,8.0,6.0,10.0,13.0,4.0,13.0,9.0,13.0,2.0,18.0
25,5,18,11,29,19,3,38,11,Tottenham,2013,4,28,9,37,19,5,34,10,1.79,2.0,0.21,2.95,0.71,0.24,0.11,38,0.05,0.18,0.95,0.79,0.66,0.34,0.13,0.05,0.03,2.47,0.63,0.26,0.16,0.11,0.21,0.95,0.68,0.47,0.26,0.05,0.05,0.0,3.42,0.79,0.21,0.05,0.0,0.16,0.95,0.89,0.84,0.42,0.21,0.05,0.05,1.05,0.24,0.61,0.55,0.16,0.21,0.61,0.37,0.05,0.03,0.0,0.0,0.0,18.0,22.0,28.0,44.0,6.0,10.0,6.0,6.0,6.0,6.0,10.0,12.0,7.0,14.0,11.0,18.0
26,6,16,17,33,19,4,33,9,Liverpool,2013,7,27,11,38,19,5,28,7,1.47,1.74,0.27,3.0,0.5,0.42,0.21,38,0.08,0.29,0.87,0.79,0.66,0.45,0.16,0.05,0.03,2.58,0.32,0.58,0.26,0.11,0.42,0.84,0.68,0.53,0.37,0.16,0.0,0.0,3.42,0.68,0.26,0.16,0.05,0.16,0.89,0.89,0.79,0.53,0.16,0.11,0.05,1.39,0.18,0.55,0.47,0.26,0.34,0.79,0.42,0.16,0.03,0.0,0.0,0.0,23.0,30.0,20.0,41.0,4.0,9.0,8.0,12.0,11.0,9.0,6.0,19.0,6.0,14.0,8.0,8.0
27,6,22,12,34,19,4,33,9,West Ham Utd,2013,4,31,-20,11,19,12,13,3,0.68,1.74,1.06,2.58,0.55,0.29,0.29,38,0.16,0.16,0.87,0.71,0.53,0.29,0.13,0.05,0.0,2.95,0.68,0.32,0.11,0.0,0.21,0.89,0.79,0.58,0.42,0.21,0.05,0.0,2.21,0.42,0.26,0.47,0.32,0.11,0.84,0.63,0.47,0.16,0.05,0.05,0.0,1.11,0.13,0.5,0.61,0.37,0.26,0.76,0.29,0.05,0.0,0.0,0.0,0.0,20.0,22.0,33.0,23.0,12.0,4.0,5.0,10.0,3.0,8.0,14.0,6.0,7.0,4.0,12.0,13.0
28,4,25,7,32,19,6,31,9,West Brom,2013,3,32,-11,21,19,11,18,5,0.95,1.63,0.68,2.89,0.58,0.21,0.26,38,0.21,0.16,0.95,0.82,0.61,0.24,0.13,0.05,0.03,3.0,0.63,0.26,0.16,0.11,0.21,0.95,0.79,0.63,0.21,0.16,0.05,0.05,2.79,0.53,0.16,0.37,0.32,0.11,0.95,0.84,0.58,0.26,0.11,0.05,0.0,1.24,0.21,0.45,0.61,0.34,0.18,0.74,0.34,0.11,0.05,0.0,0.0,0.0,29.0,18.0,28.0,35.0,7.0,3.0,9.0,5.0,13.0,10.0,4.0,9.0,9.0,11.0,15.0,15.0
29,7,20,5,25,19,4,31,8,Norwich City,2013,7,38,-22,16,19,10,13,2,0.68,1.63,0.95,2.61,0.55,0.26,0.34,38,0.18,0.11,0.84,0.66,0.47,0.29,0.18,0.08,0.08,2.37,0.53,0.42,0.26,0.05,0.21,0.79,0.58,0.47,0.21,0.11,0.11,0.11,2.84,0.58,0.11,0.42,0.32,0.0,0.89,0.74,0.47,0.37,0.26,0.05,0.05,1.16,0.24,0.5,0.61,0.26,0.16,0.66,0.37,0.11,0.03,0.0,0.0,0.0,26.0,18.0,32.0,23.0,6.0,5.0,8.0,6.0,12.0,7.0,11.0,6.0,8.0,8.0,13.0,9.0
30,7,22,-1,21,19,5,28,7,Stoke City,2013,8,23,-10,13,19,9,14,2,0.74,1.47,0.73,2.08,0.45,0.32,0.39,38,0.24,0.16,0.84,0.58,0.34,0.21,0.05,0.05,0.0,2.26,0.47,0.37,0.32,0.16,0.21,0.84,0.63,0.42,0.26,0.05,0.05,0.0,1.89,0.42,0.26,0.47,0.32,0.11,0.84,0.53,0.26,0.16,0.05,0.05,0.0,0.87,0.16,0.61,0.66,0.24,0.18,0.58,0.18,0.08,0.03,0.0,0.0,0.0,18.0,15.0,27.0,19.0,5.0,8.0,4.0,3.0,9.0,4.0,9.0,7.0,9.0,4.0,9.0,8.0
31,1,31,-7,24,19,9,28,9,Newcastle Utd,2013,7,37,-16,21,19,10,13,2,0.68,1.47,0.79,2.97,0.61,0.16,0.29,38,0.24,0.11,0.95,0.79,0.63,0.24,0.13,0.11,0.05,2.89,0.53,0.21,0.26,0.26,0.21,1.0,0.74,0.68,0.21,0.16,0.11,0.0,3.05,0.68,0.11,0.32,0.21,0.0,0.89,0.84,0.58,0.26,0.11,0.11,0.11,1.13,0.16,0.53,0.61,0.32,0.24,0.71,0.34,0.08,0.0,0.0,0.0,0.0,23.0,20.0,45.0,25.0,8.0,5.0,8.0,6.0,7.0,9.0,14.0,8.0,14.0,7.0,17.0,10.0
32,8,26,2,28,19,5,26,6,Swansea City,2013,5,25,-6,19,19,9,20,5,1.05,1.37,0.32,2.58,0.47,0.26,0.42,38,0.26,0.11,0.84,0.74,0.53,0.29,0.13,0.03,0.03,2.84,0.58,0.26,0.32,0.16,0.11,0.84,0.79,0.63,0.37,0.11,0.05,0.05,2.32,0.37,0.26,0.53,0.37,0.11,0.84,0.68,0.42,0.21,0.16,0.0,0.0,1.03,0.16,0.55,0.74,0.29,0.11,0.55,0.37,0.08,0.03,0.0,0.0,0.0,25.0,14.0,26.0,33.0,3.0,5.0,5.0,5.0,17.0,4.0,7.0,11.0,8.0,11.0,11.0,11.0
33,7,24,2,26,19,6,25,6,Southampton,2013,7,36,-13,23,19,9,16,3,0.84,1.32,0.48,2.87,0.66,0.18,0.24,38,0.16,0.11,0.92,0.79,0.5,0.37,0.18,0.08,0.03,2.63,0.68,0.16,0.21,0.16,0.11,0.95,0.84,0.47,0.26,0.11,0.0,0.0,3.11,0.63,0.21,0.26,0.16,0.11,0.89,0.74,0.53,0.47,0.26,0.16,0.05,1.42,0.32,0.42,0.55,0.26,0.13,0.71,0.39,0.21,0.08,0.03,0.0,0.0,31.0,23.0,29.0,26.0,6.0,7.0,6.0,5.0,19.0,11.0,6.0,9.0,10.0,10.0,13.0,7.0
34,3,30,-2,28,19,9,24,7,Fulham,2013,7,30,-8,22,19,8,19,4,1.0,1.26,0.26,2.89,0.53,0.21,0.32,38,0.26,0.16,0.95,0.74,0.63,0.34,0.16,0.08,0.0,3.05,0.58,0.21,0.21,0.21,0.21,1.0,0.79,0.68,0.37,0.16,0.05,0.0,2.74,0.47,0.21,0.42,0.32,0.11,0.89,0.68,0.58,0.32,0.16,0.11,0.0,1.24,0.16,0.55,0.55,0.29,0.29,0.74,0.29,0.13,0.08,0.0,0.0,0.0,24.0,23.0,36.0,27.0,7.0,6.0,7.0,7.0,10.0,10.0,11.0,5.0,13.0,10.0,12.0,12.0
35,8,19,1,20,19,6,23,5,Sunderland,2013,4,35,-14,21,19,11,16,4,0.84,1.21,0.37,2.5,0.55,0.29,0.26,38,0.16,0.18,0.89,0.68,0.53,0.24,0.08,0.05,0.03,2.05,0.47,0.37,0.26,0.16,0.26,0.89,0.58,0.32,0.16,0.05,0.05,0.0,2.95,0.63,0.21,0.26,0.16,0.11,0.89,0.79,0.74,0.32,0.11,0.05,0.05,1.24,0.21,0.53,0.53,0.26,0.26,0.74,0.34,0.13,0.03,0.0,0.0,0.0,25.0,22.0,29.0,19.0,7.0,3.0,9.0,7.0,9.0,12.0,11.0,4.0,6.0,10.0,12.0,5.0
36,5,28,-5,23,19,9,20,5,Aston Villa,2013,6,41,-17,24,19,8,21,5,1.11,1.05,-0.06,3.05,0.61,0.13,0.32,38,0.26,0.08,0.95,0.79,0.61,0.37,0.18,0.08,0.05,2.68,0.58,0.21,0.32,0.21,0.11,0.89,0.74,0.53,0.26,0.16,0.05,0.05,3.42,0.63,0.05,0.32,0.32,0.05,1.0,0.84,0.68,0.47,0.21,0.11,0.05,1.24,0.18,0.55,0.55,0.26,0.26,0.71,0.34,0.18,0.0,0.0,0.0,0.0,25.0,22.0,44.0,25.0,7.0,6.0,6.0,5.0,12.0,11.0,13.0,10.0,15.0,5.0,16.0,10.0
37,8,33,-10,23,19,7,20,4,Reading,2013,2,40,-20,20,19,15,8,2,0.42,1.05,0.63,3.05,0.61,0.13,0.37,38,0.26,0.03,0.89,0.71,0.61,0.39,0.24,0.16,0.05,2.95,0.58,0.26,0.37,0.16,0.05,0.79,0.74,0.58,0.37,0.21,0.16,0.11,3.16,0.63,0.0,0.37,0.37,0.0,1.0,0.68,0.63,0.42,0.26,0.16,0.0,1.18,0.13,0.45,0.71,0.42,0.16,0.71,0.26,0.11,0.03,0.03,0.03,0.03,30.0,15.0,43.0,28.0,6.0,5.0,10.0,6.0,14.0,4.0,9.0,4.0,16.0,8.0,18.0,16.0
38,6,39,-13,26,19,9,18,4,Wigan Athletic,2013,3,34,-13,21,19,11,18,5,0.95,0.95,0.0,3.16,0.58,0.13,0.29,38,0.29,0.13,1.0,0.87,0.71,0.42,0.16,0.0,0.0,3.42,0.68,0.05,0.26,0.26,0.05,1.0,0.89,0.79,0.58,0.16,0.0,0.0,2.89,0.47,0.21,0.32,0.32,0.21,1.0,0.84,0.63,0.26,0.16,0.0,0.0,1.21,0.24,0.47,0.61,0.29,0.16,0.68,0.37,0.13,0.03,0.0,0.0,0.0,28.0,18.0,45.0,29.0,9.0,6.0,10.0,5.0,9.0,7.0,13.0,14.0,17.0,5.0,15.0,10.0
39,8,28,-15,13,19,9,14,2,QP Rangers,2013,5,32,-15,17,19,12,11,2,0.58,0.74,0.16,2.37,0.55,0.18,0.42,38,0.26,0.03,0.84,0.68,0.45,0.26,0.13,0.0,0.0,2.16,0.53,0.21,0.47,0.26,0.0,0.79,0.74,0.42,0.16,0.05,0.0,0.0,2.58,0.58,0.16,0.37,0.26,0.05,0.89,0.63,0.47,0.37,0.21,0.0,0.0,1.16,0.26,0.39,0.68,0.34,0.05,0.66,0.37,0.11,0.03,0.0,0.0,0.0,32.0,12.0,28.0,18.0,9.0,4.0,14.0,5.0,9.0,3.0,7.0,7.0,10.0,6.0,11.0,5.0
40,1,13,50,63,19,1,52,17,Manchester City,2014,4,24,15,39,19,5,34,10,1.79,2.74,0.95,3.66,0.53,0.42,0.11,38,0.05,0.37,0.95,0.84,0.66,0.55,0.39,0.16,0.05,4.0,0.42,0.53,0.05,0.05,0.53,1.0,0.84,0.74,0.63,0.37,0.21,0.11,3.32,0.63,0.32,0.16,0.05,0.21,0.89,0.84,0.58,0.47,0.42,0.11,0.0,1.58,0.24,0.66,0.29,0.11,0.47,0.82,0.45,0.24,0.08,0.0,0.0,0.0,14.0,46.0,23.0,56.0,2.0,17.0,6.0,12.0,6.0,17.0,6.0,20.0,6.0,13.0,11.0,23.0
41,1,18,35,53,19,2,49,16,Liverpool,2014,5,32,16,48,19,4,35,10,1.84,2.58,0.74,3.97,0.66,0.26,0.08,38,0.08,0.26,1.0,0.89,0.79,0.61,0.34,0.18,0.08,3.74,0.58,0.32,0.11,0.11,0.32,1.0,0.84,0.74,0.63,0.32,0.16,0.05,4.21,0.74,0.21,0.05,0.05,0.21,1.0,0.95,0.84,0.58,0.37,0.21,0.11,2.11,0.32,0.61,0.11,0.08,0.58,0.97,0.63,0.37,0.11,0.03,0.0,0.0,21.0,59.0,29.0,42.0,4.0,15.0,9.0,22.0,8.0,22.0,8.0,16.0,9.0,12.0,12.0,14.0
42,3,11,32,43,19,1,48,15,Chelsea,2014,4,16,12,28,19,5,34,10,1.79,2.53,0.74,2.58,0.42,0.47,0.21,38,0.11,0.37,0.89,0.71,0.53,0.26,0.11,0.05,0.03,2.84,0.47,0.53,0.11,0.0,0.42,0.89,0.79,0.68,0.32,0.11,0.05,0.0,2.32,0.37,0.42,0.32,0.21,0.32,0.89,0.63,0.37,0.21,0.11,0.05,0.05,1.08,0.18,0.71,0.47,0.11,0.34,0.63,0.32,0.11,0.03,0.0,0.0,0.0,11.0,30.0,16.0,41.0,5.0,7.0,3.0,9.0,3.0,14.0,5.0,9.0,4.0,16.0,7.0,16.0
43,5,11,25,36,19,1,44,13,Arsenal,2014,2,30,2,32,19,6,35,11,1.84,2.32,0.48,2.87,0.45,0.45,0.16,38,0.11,0.39,0.95,0.79,0.5,0.34,0.13,0.08,0.03,2.47,0.42,0.58,0.11,0.0,0.47,0.89,0.79,0.37,0.32,0.11,0.0,0.0,3.26,0.47,0.32,0.21,0.21,0.32,1.0,0.79,0.63,0.37,0.16,0.16,0.05,1.18,0.11,0.68,0.53,0.21,0.37,0.68,0.32,0.13,0.05,0.0,0.0,0.0,20.0,25.0,21.0,43.0,7.0,8.0,8.0,6.0,5.0,11.0,5.0,14.0,6.0,16.0,10.0,13.0
44,3,19,19,38,19,3,42,13,Everton,2014,6,20,3,23,19,5,30,8,1.58,2.21,0.63,2.63,0.47,0.39,0.24,38,0.13,0.29,0.89,0.71,0.5,0.32,0.18,0.03,0.0,3.0,0.53,0.42,0.16,0.05,0.32,0.89,0.74,0.63,0.37,0.32,0.05,0.0,2.26,0.42,0.37,0.32,0.21,0.26,0.89,0.68,0.37,0.26,0.05,0.0,0.0,0.97,0.13,0.71,0.58,0.16,0.29,0.58,0.26,0.13,0.0,0.0,0.0,0.0,17.0,20.0,22.0,41.0,2.0,7.0,7.0,7.0,8.0,6.0,6.0,10.0,10.0,13.0,6.0,18.0
45,6,17,10,27,19,3,36,10,Stoke City,2014,5,35,-17,18,19,11,14,3,0.74,1.89,1.15,2.55,0.5,0.24,0.37,38,0.26,0.13,0.89,0.61,0.45,0.29,0.18,0.08,0.03,2.32,0.53,0.37,0.26,0.11,0.21,0.84,0.58,0.37,0.21,0.16,0.05,0.05,2.79,0.47,0.11,0.47,0.42,0.05,0.95,0.63,0.53,0.37,0.21,0.11,0.0,1.13,0.24,0.55,0.55,0.21,0.21,0.66,0.26,0.13,0.08,0.0,0.0,0.0,20.0,23.0,32.0,22.0,6.0,3.0,1.0,8.0,13.0,12.0,13.0,6.0,10.0,6.0,9.0,10.0
46,3,23,7,30,19,5,36,11,Tottenham,2014,3,28,-3,25,19,6,33,10,1.74,1.89,0.15,2.79,0.37,0.37,0.29,38,0.26,0.34,0.97,0.68,0.5,0.34,0.18,0.11,0.0,2.79,0.37,0.42,0.21,0.21,0.42,1.0,0.68,0.47,0.32,0.21,0.11,0.0,2.79,0.37,0.32,0.37,0.32,0.26,0.95,0.68,0.53,0.37,0.16,0.11,0.0,1.18,0.21,0.55,0.53,0.24,0.26,0.71,0.34,0.11,0.03,0.0,0.0,0.0,25.0,20.0,26.0,35.0,9.0,1.0,7.0,7.0,9.0,12.0,11.0,13.0,6.0,12.0,9.0,10.0
47,6,23,9,32,19,5,30,8,Southampton,2014,5,23,-1,22,19,7,26,7,1.37,1.58,0.21,2.63,0.47,0.39,0.18,38,0.13,0.34,0.95,0.74,0.45,0.32,0.16,0.03,0.0,2.89,0.47,0.37,0.21,0.16,0.32,0.95,0.84,0.47,0.37,0.21,0.05,0.0,2.37,0.47,0.42,0.16,0.11,0.37,0.95,0.63,0.42,0.26,0.11,0.0,0.0,1.24,0.21,0.61,0.5,0.18,0.29,0.68,0.32,0.18,0.05,0.0,0.0,0.0,19.0,28.0,27.0,26.0,6.0,8.0,7.0,10.0,6.0,10.0,9.0,8.0,9.0,10.0,9.0,8.0
48,3,21,8,29,19,7,30,9,Manchester Utd,2014,4,22,13,35,19,5,34,10,1.79,1.58,-0.21,2.82,0.47,0.34,0.24,38,0.18,0.29,0.95,0.79,0.58,0.37,0.13,0.0,0.0,2.63,0.42,0.32,0.32,0.26,0.26,0.95,0.74,0.53,0.32,0.11,0.0,0.0,3.0,0.53,0.37,0.16,0.11,0.32,0.95,0.84,0.63,0.42,0.16,0.0,0.0,1.29,0.13,0.55,0.53,0.32,0.34,0.79,0.34,0.13,0.03,0.0,0.0,0.0,22.0,27.0,21.0,37.0,7.0,5.0,7.0,9.0,8.0,13.0,8.0,13.0,5.0,12.0,8.0,12.0
49,3,28,-5,23,19,8,27,8,Newcastle Utd,2014,1,31,-11,20,19,11,22,7,1.16,1.42,0.26,2.68,0.37,0.26,0.42,38,0.37,0.21,0.95,0.71,0.63,0.26,0.11,0.03,0.0,2.68,0.37,0.32,0.37,0.32,0.26,0.95,0.74,0.58,0.26,0.11,0.05,0.0,2.68,0.37,0.21,0.47,0.42,0.16,0.95,0.68,0.68,0.26,0.11,0.0,0.0,1.18,0.13,0.53,0.61,0.34,0.26,0.74,0.37,0.08,0.0,0.0,0.0,0.0,24.0,21.0,35.0,22.0,4.0,4.0,10.0,9.0,10.0,8.0,9.0,7.0,13.0,4.0,13.0,11.0
50,3,23,-5,18,19,8,27,8,Crystal Palace,2014,3,25,-10,15,19,11,18,5,0.95,1.42,0.47,2.13,0.29,0.32,0.45,38,0.39,0.26,0.95,0.61,0.29,0.18,0.08,0.03,0.0,2.16,0.26,0.37,0.42,0.37,0.32,0.95,0.58,0.26,0.21,0.11,0.05,0.0,2.11,0.32,0.26,0.47,0.42,0.21,0.95,0.63,0.32,0.16,0.05,0.0,0.0,0.84,0.08,0.66,0.68,0.26,0.24,0.58,0.18,0.08,0.0,0.0,0.0,0.0,19.0,13.0,29.0,20.0,3.0,4.0,7.0,5.0,9.0,4.0,13.0,5.0,9.0,3.0,7.0,12.0
51,4,21,-1,20,19,8,25,7,Hull City,2014,3,32,-14,18,19,13,12,3,0.63,1.32,0.69,2.39,0.37,0.26,0.42,38,0.37,0.21,0.95,0.68,0.34,0.26,0.13,0.03,0.0,2.16,0.26,0.42,0.42,0.32,0.32,0.89,0.58,0.26,0.21,0.16,0.05,0.0,2.63,0.47,0.11,0.42,0.42,0.11,1.0,0.79,0.42,0.32,0.11,0.0,0.0,1.16,0.13,0.58,0.58,0.29,0.29,0.71,0.29,0.11,0.05,0.0,0.0,0.0,25.0,19.0,28.0,19.0,8.0,5.0,8.0,9.0,9.0,5.0,12.0,7.0,6.0,8.0,10.0,4.0
52,3,26,-1,25,19,9,24,7,West Ham Utd,2014,4,25,-10,15,19,11,16,4,0.84,1.26,0.42,2.39,0.39,0.37,0.39,38,0.24,0.21,0.84,0.68,0.47,0.29,0.08,0.03,0.0,2.68,0.42,0.37,0.32,0.21,0.26,0.89,0.79,0.53,0.32,0.11,0.05,0.0,2.11,0.37,0.37,0.47,0.26,0.16,0.79,0.58,0.42,0.26,0.05,0.0,0.0,1.03,0.18,0.58,0.61,0.24,0.21,0.63,0.32,0.08,0.0,0.0,0.0,0.0,21.0,18.0,30.0,22.0,4.0,5.0,4.0,5.0,13.0,8.0,7.0,7.0,10.0,6.0,13.0,9.0
53,6,18,-1,17,19,7,24,6,Norwich City,2014,3,44,-33,11,19,14,9,2,0.47,1.26,0.79,2.37,0.37,0.32,0.45,38,0.32,0.18,0.87,0.61,0.37,0.26,0.16,0.08,0.03,1.84,0.37,0.42,0.37,0.21,0.26,0.84,0.47,0.26,0.21,0.05,0.0,0.0,2.89,0.37,0.21,0.53,0.42,0.11,0.89,0.74,0.47,0.32,0.26,0.16,0.05,1.08,0.11,0.47,0.76,0.42,0.13,0.66,0.26,0.08,0.05,0.03,0.0,0.0,31.0,10.0,31.0,18.0,7.0,4.0,13.0,2.0,11.0,4.0,10.0,5.0,11.0,5.0,10.0,8.0
54,5,26,7,33,19,8,23,6,Swansea City,2014,4,28,-7,21,19,10,19,5,1.0,1.21,0.21,2.84,0.53,0.21,0.29,38,0.26,0.18,0.97,0.82,0.53,0.29,0.16,0.05,0.03,3.11,0.58,0.32,0.16,0.11,0.26,0.95,0.84,0.68,0.37,0.21,0.05,0.0,2.58,0.47,0.11,0.42,0.42,0.11,1.0,0.79,0.37,0.21,0.11,0.05,0.05,1.16,0.21,0.53,0.58,0.26,0.21,0.68,0.34,0.08,0.03,0.03,0.0,0.0,24.0,20.0,30.0,34.0,7.0,8.0,9.0,6.0,8.0,6.0,11.0,10.0,11.0,9.0,8.0,15.0
55,9,27,-3,24,19,6,21,4,West Brom,2014,6,32,-13,19,19,10,15,3,0.79,1.11,0.32,2.68,0.58,0.18,0.29,38,0.24,0.13,0.95,0.76,0.42,0.26,0.16,0.11,0.03,2.68,0.58,0.21,0.21,0.21,0.21,1.0,0.84,0.37,0.21,0.16,0.11,0.0,2.68,0.58,0.16,0.37,0.26,0.05,0.89,0.68,0.47,0.32,0.16,0.11,0.05,1.39,0.16,0.34,0.68,0.5,0.16,0.82,0.32,0.13,0.08,0.03,0.03,0.0,34.0,19.0,25.0,24.0,11.0,9.0,11.0,3.0,12.0,7.0,3.0,6.0,12.0,6.0,10.0,12.0
56,3,29,-7,22,19,10,21,6,Aston Villa,2014,5,32,-15,17,19,10,17,4,0.89,1.11,0.22,2.63,0.47,0.24,0.42,38,0.29,0.11,0.87,0.68,0.53,0.32,0.18,0.03,0.03,2.68,0.47,0.21,0.42,0.32,0.11,0.89,0.74,0.47,0.26,0.21,0.05,0.05,2.58,0.47,0.26,0.42,0.26,0.11,0.84,0.63,0.58,0.37,0.16,0.0,0.0,1.39,0.26,0.5,0.63,0.24,0.11,0.61,0.39,0.21,0.11,0.05,0.03,0.0,31.0,22.0,30.0,17.0,10.0,6.0,10.0,8.0,11.0,8.0,8.0,1.0,11.0,9.0,11.0,7.0
57,5,35,-15,20,19,9,20,5,Cardiff City,2014,4,39,-27,12,19,13,10,2,0.53,1.05,0.52,2.79,0.42,0.18,0.5,38,0.39,0.08,0.89,0.76,0.55,0.29,0.13,0.08,0.03,2.89,0.47,0.21,0.42,0.32,0.11,0.89,0.74,0.63,0.32,0.11,0.05,0.05,2.68,0.37,0.16,0.58,0.47,0.05,0.89,0.79,0.47,0.26,0.16,0.11,0.0,1.13,0.16,0.42,0.76,0.42,0.08,0.66,0.29,0.16,0.03,0.0,0.0,0.0,33.0,10.0,41.0,22.0,9.0,5.0,10.0,3.0,14.0,2.0,9.0,8.0,6.0,7.0,26.0,7.0
58,3,27,-6,21,19,11,18,5,Sunderland,2014,5,33,-13,20,19,9,20,5,1.05,0.95,-0.1,2.66,0.47,0.29,0.34,38,0.24,0.18,0.89,0.68,0.55,0.34,0.11,0.05,0.03,2.53,0.47,0.32,0.32,0.21,0.21,0.89,0.63,0.53,0.32,0.05,0.05,0.05,2.79,0.47,0.26,0.37,0.26,0.16,0.89,0.74,0.58,0.37,0.16,0.05,0.0,1.24,0.13,0.47,0.58,0.39,0.29,0.82,0.34,0.08,0.0,0.0,0.0,0.0,27.0,20.0,33.0,21.0,10.0,5.0,9.0,10.0,8.0,5.0,13.0,4.0,6.0,5.0,14.0,12.0
59,3,38,-14,24,19,11,18,5,Fulham,2014,2,47,-31,16,19,13,14,4,0.74,0.95,0.21,3.29,0.61,0.13,0.26,38,0.26,0.13,1.0,0.87,0.68,0.47,0.21,0.05,0.0,3.26,0.74,0.21,0.05,0.05,0.21,1.0,0.84,0.74,0.47,0.16,0.05,0.0,3.32,0.47,0.05,0.47,0.47,0.05,1.0,0.89,0.63,0.47,0.26,0.05,0.0,1.0,0.16,0.55,0.71,0.29,0.13,0.58,0.34,0.08,0.0,0.0,0.0,0.0,25.0,13.0,60.0,27.0,6.0,1.0,10.0,6.0,9.0,6.0,12.0,9.0,23.0,11.0,25.0,7.0
60,4,9,27,36,19,0,49,15,Chelsea,2015,5,23,14,37,19,3,38,11,2.0,2.58,0.58,2.76,0.53,0.45,0.08,38,0.03,0.39,0.95,0.82,0.45,0.21,0.13,0.08,0.05,2.37,0.42,0.58,0.0,0.0,0.58,1.0,0.84,0.32,0.11,0.05,0.05,0.0,3.16,0.63,0.32,0.16,0.05,0.21,0.89,0.79,0.58,0.32,0.21,0.11,0.11,1.42,0.32,0.63,0.26,0.05,0.42,0.79,0.39,0.13,0.11,0.0,0.0,0.0,17.0,37.0,15.0,36.0,4.0,15.0,6.0,9.0,7.0,13.0,5.0,6.0,2.0,14.0,8.0,16.0
61,3,14,30,44,19,2,45,14,Manchester City,2015,4,24,15,39,19,5,34,10,1.79,2.37,0.58,3.18,0.55,0.37,0.08,38,0.08,0.37,1.0,0.84,0.58,0.39,0.26,0.11,0.0,3.05,0.42,0.47,0.11,0.11,0.47,1.0,0.84,0.53,0.37,0.26,0.05,0.0,3.32,0.68,0.26,0.05,0.05,0.26,1.0,0.84,0.63,0.42,0.26,0.16,0.0,1.39,0.26,0.63,0.34,0.11,0.39,0.76,0.42,0.18,0.03,0.0,0.0,0.0,16.0,37.0,22.0,46.0,4.0,10.0,6.0,12.0,6.0,15.0,3.0,9.0,13.0,16.0,6.0,21.0
62,2,15,26,41,19,3,44,14,Manchester Utd,2015,8,22,-1,21,19,5,26,6,1.37,2.32,0.95,2.61,0.58,0.29,0.21,38,0.13,0.21,0.92,0.76,0.55,0.21,0.05,0.05,0.03,2.95,0.58,0.32,0.11,0.11,0.32,1.0,0.84,0.68,0.32,0.05,0.05,0.0,2.26,0.58,0.26,0.32,0.16,0.11,0.84,0.68,0.42,0.11,0.05,0.05,0.05,1.26,0.24,0.63,0.47,0.13,0.29,0.66,0.42,0.18,0.0,0.0,0.0,0.0,15.0,33.0,22.0,29.0,5.0,8.0,5.0,15.0,5.0,10.0,4.0,10.0,10.0,8.0,8.0,11.0
63,5,14,27,41,19,2,41,12,Arsenal,2015,4,22,8,30,19,5,34,10,1.79,2.16,0.37,2.82,0.58,0.34,0.13,38,0.08,0.29,0.95,0.84,0.63,0.26,0.13,0.0,0.0,2.89,0.53,0.42,0.16,0.05,0.32,0.89,0.79,0.68,0.32,0.21,0.0,0.0,2.74,0.63,0.26,0.11,0.11,0.26,1.0,0.89,0.58,0.21,0.05,0.0,0.0,1.29,0.11,0.74,0.42,0.16,0.47,0.74,0.39,0.13,0.03,0.0,0.0,0.0,13.0,36.0,23.0,35.0,1.0,9.0,6.0,8.0,6.0,19.0,9.0,5.0,3.0,15.0,11.0,15.0
64,4,13,24,37,19,4,37,11,Southampton,2015,2,20,-3,17,19,10,23,7,1.21,1.95,0.74,2.29,0.34,0.39,0.32,38,0.26,0.34,0.95,0.63,0.37,0.16,0.05,0.05,0.05,2.63,0.26,0.58,0.26,0.16,0.47,0.89,0.74,0.42,0.21,0.11,0.11,0.11,1.95,0.42,0.21,0.37,0.37,0.21,1.0,0.53,0.32,0.11,0.0,0.0,0.0,1.08,0.21,0.58,0.55,0.21,0.24,0.66,0.29,0.05,0.03,0.03,0.03,0.0,17.0,24.0,16.0,30.0,5.0,6.0,7.0,10.0,5.0,8.0,3.0,8.0,5.0,9.0,8.0,13.0
65,5,20,10,30,19,4,35,10,Liverpool,2015,3,28,-6,22,19,8,27,8,1.42,1.84,0.42,2.63,0.53,0.37,0.21,38,0.11,0.26,0.89,0.71,0.53,0.32,0.13,0.03,0.03,2.63,0.63,0.32,0.16,0.05,0.21,0.89,0.79,0.58,0.26,0.11,0.0,0.0,2.63,0.42,0.42,0.26,0.16,0.32,0.89,0.63,0.47,0.37,0.16,0.05,0.05,1.18,0.24,0.58,0.47,0.18,0.29,0.71,0.34,0.08,0.03,0.03,0.0,0.0,24.0,21.0,24.0,31.0,7.0,8.0,7.0,8.0,10.0,5.0,8.0,7.0,7.0,12.0,9.0,12.0
66,3,22,10,32,19,6,33,10,Stoke City,2015,6,23,-7,16,19,8,21,5,1.11,1.74,0.63,2.45,0.55,0.24,0.24,38,0.21,0.21,0.97,0.71,0.45,0.18,0.08,0.03,0.03,2.84,0.58,0.26,0.16,0.16,0.26,1.0,0.79,0.53,0.26,0.16,0.05,0.05,2.05,0.53,0.21,0.32,0.26,0.16,0.95,0.63,0.37,0.11,0.0,0.0,0.0,1.42,0.34,0.47,0.45,0.18,0.21,0.74,0.47,0.16,0.03,0.03,0.0,0.0,24.0,30.0,21.0,18.0,8.0,8.0,6.0,6.0,10.0,16.0,5.0,5.0,8.0,3.0,8.0,10.0
67,3,24,7,31,19,6,33,10,Tottenham,2015,4,29,-2,27,19,6,31,9,1.63,1.74,0.11,2.92,0.58,0.24,0.26,38,0.18,0.16,0.92,0.76,0.71,0.26,0.13,0.05,0.05,2.89,0.53,0.26,0.32,0.21,0.16,0.89,0.68,0.63,0.26,0.16,0.11,0.11,2.95,0.63,0.21,0.21,0.16,0.16,0.95,0.84,0.79,0.26,0.11,0.0,0.0,1.42,0.26,0.45,0.5,0.29,0.24,0.79,0.42,0.18,0.03,0.0,0.0,0.0,27.0,27.0,26.0,31.0,9.0,11.0,12.0,8.0,6.0,8.0,9.0,9.0,10.0,9.0,7.0,13.0
68,5,22,5,27,19,5,32,9,Swansea City,2015,3,27,-8,19,19,9,24,7,1.26,1.68,0.42,2.5,0.5,0.34,0.21,38,0.16,0.29,0.95,0.68,0.42,0.24,0.16,0.05,0.0,2.58,0.53,0.32,0.16,0.16,0.32,1.0,0.79,0.42,0.21,0.11,0.05,0.0,2.42,0.47,0.37,0.26,0.16,0.26,0.89,0.58,0.42,0.26,0.21,0.05,0.0,1.08,0.26,0.53,0.55,0.21,0.18,0.66,0.34,0.05,0.03,0.0,0.0,0.0,22.0,19.0,27.0,27.0,4.0,6.0,7.0,8.0,11.0,5.0,8.0,5.0,10.0,10.0,9.0,12.0
69,4,18,7,25,19,6,31,9,West Ham Utd,2015,7,29,-10,19,19,9,16,3,0.84,1.63,0.79,2.39,0.55,0.24,0.29,38,0.21,0.16,0.92,0.76,0.47,0.24,0.0,0.0,0.0,2.26,0.53,0.37,0.16,0.11,0.32,0.95,0.68,0.42,0.21,0.0,0.0,0.0,2.53,0.58,0.11,0.42,0.32,0.0,0.89,0.84,0.53,0.26,0.0,0.0,0.0,1.05,0.21,0.53,0.58,0.26,0.21,0.68,0.29,0.08,0.0,0.0,0.0,0.0,21.0,19.0,26.0,25.0,3.0,5.0,7.0,6.0,11.0,8.0,6.0,11.0,7.0,10.0,13.0,4.0
70,7,21,6,27,19,5,28,7,Everton,2015,4,29,-8,21,19,10,19,5,1.0,1.47,0.47,2.58,0.5,0.26,0.32,38,0.24,0.18,0.92,0.74,0.47,0.24,0.11,0.03,0.03,2.53,0.42,0.42,0.32,0.16,0.26,0.84,0.63,0.47,0.26,0.11,0.05,0.05,2.63,0.58,0.11,0.32,0.32,0.11,1.0,0.84,0.47,0.21,0.11,0.0,0.0,1.13,0.16,0.61,0.5,0.24,0.34,0.74,0.29,0.11,0.0,0.0,0.0,0.0,19.0,24.0,31.0,24.0,3.0,7.0,7.0,9.0,9.0,8.0,5.0,6.0,15.0,5.0,11.0,13.0
71,5,22,6,28,19,7,26,7,Leicester City,2015,3,33,-15,18,19,12,15,4,0.79,1.37,0.58,2.66,0.45,0.26,0.37,38,0.29,0.18,0.92,0.68,0.45,0.32,0.13,0.08,0.05,2.63,0.47,0.32,0.32,0.21,0.21,0.89,0.63,0.47,0.32,0.11,0.11,0.05,2.68,0.42,0.21,0.42,0.37,0.16,0.95,0.74,0.42,0.32,0.16,0.05,0.05,1.26,0.26,0.53,0.55,0.21,0.18,0.66,0.42,0.18,0.0,0.0,0.0,0.0,27.0,21.0,28.0,25.0,5.0,6.0,10.0,8.0,12.0,7.0,11.0,8.0,8.0,7.0,9.0,10.0
72,5,27,-1,26,19,7,26,7,Newcastle Utd,2015,4,36,-22,14,19,12,13,3,0.68,1.37,0.69,2.71,0.47,0.21,0.34,38,0.32,0.18,0.97,0.74,0.5,0.29,0.16,0.05,0.0,2.79,0.58,0.26,0.16,0.16,0.26,1.0,0.68,0.47,0.32,0.21,0.11,0.0,2.63,0.37,0.16,0.53,0.47,0.11,0.95,0.79,0.53,0.26,0.11,0.0,0.0,1.08,0.18,0.42,0.68,0.39,0.13,0.71,0.32,0.05,0.0,0.0,0.0,0.0,28.0,13.0,35.0,27.0,10.0,1.0,11.0,4.0,7.0,8.0,16.0,9.0,7.0,9.0,12.0,9.0
73,4,26,-2,24,19,8,25,7,West Brom,2015,7,25,-11,14,19,8,19,4,1.0,1.32,0.32,2.34,0.37,0.42,0.34,38,0.21,0.29,0.87,0.66,0.45,0.26,0.11,0.0,0.0,2.63,0.37,0.42,0.26,0.21,0.37,0.95,0.68,0.53,0.37,0.11,0.0,0.0,2.05,0.37,0.42,0.42,0.21,0.21,0.79,0.63,0.37,0.16,0.11,0.0,0.0,1.29,0.18,0.5,0.66,0.32,0.16,0.66,0.42,0.18,0.03,0.0,0.0,0.0,33.0,16.0,18.0,22.0,13.0,7.0,8.0,4.0,12.0,5.0,4.0,10.0,6.0,8.0,8.0,4.0
74,5,24,-1,23,19,8,23,6,QP Rangers,2015,1,49,-30,19,19,16,7,2,0.37,1.21,0.84,3.03,0.58,0.16,0.32,38,0.26,0.11,0.95,0.82,0.63,0.37,0.18,0.08,0.0,2.47,0.53,0.26,0.32,0.21,0.16,0.89,0.68,0.47,0.26,0.16,0.0,0.0,3.58,0.63,0.05,0.32,0.32,0.05,1.0,0.95,0.79,0.47,0.21,0.16,0.0,1.34,0.21,0.45,0.66,0.34,0.13,0.68,0.42,0.24,0.0,0.0,0.0,0.0,34.0,17.0,39.0,25.0,8.0,2.0,10.0,5.0,16.0,10.0,11.0,5.0,11.0,9.0,17.0,11.0
75,3,27,-6,21,19,10,21,6,Crystal Palace,2015,6,24,2,26,19,6,27,7,1.42,1.11,-0.31,2.58,0.58,0.18,0.34,38,0.24,0.08,0.89,0.71,0.53,0.32,0.11,0.03,0.0,2.53,0.63,0.16,0.26,0.21,0.11,0.95,0.79,0.53,0.26,0.0,0.0,0.0,2.63,0.53,0.21,0.42,0.26,0.05,0.84,0.63,0.53,0.37,0.21,0.05,0.0,1.05,0.24,0.47,0.66,0.29,0.11,0.63,0.34,0.08,0.0,0.0,0.0,0.0,23.0,17.0,28.0,30.0,10.0,2.0,4.0,6.0,9.0,9.0,9.0,16.0,4.0,5.0,15.0,9.0
76,6,25,-7,18,19,8,21,5,Aston Villa,2015,2,32,-19,13,19,12,17,5,0.89,1.11,0.22,2.32,0.37,0.26,0.47,38,0.37,0.16,0.89,0.61,0.42,0.18,0.13,0.05,0.03,2.26,0.53,0.21,0.42,0.26,0.05,0.84,0.68,0.47,0.11,0.11,0.05,0.0,2.37,0.21,0.32,0.53,0.47,0.26,0.95,0.53,0.37,0.26,0.16,0.05,0.05,1.21,0.11,0.53,0.58,0.37,0.32,0.79,0.21,0.11,0.05,0.03,0.03,0.0,24.0,22.0,33.0,9.0,10.0,4.0,6.0,8.0,8.0,10.0,6.0,2.0,9.0,3.0,18.0,4.0
77,5,24,-5,19,19,9,20,5,Hull City,2015,6,27,-13,14,19,10,15,3,0.79,1.05,0.26,2.21,0.39,0.26,0.45,38,0.34,0.16,0.89,0.66,0.37,0.21,0.05,0.03,0.0,2.26,0.42,0.32,0.37,0.26,0.21,0.89,0.63,0.37,0.21,0.11,0.05,0.0,2.16,0.37,0.21,0.53,0.42,0.11,0.89,0.68,0.37,0.21,0.0,0.0,0.0,1.0,0.13,0.61,0.66,0.26,0.21,0.61,0.26,0.08,0.05,0.0,0.0,0.0,22.0,16.0,29.0,17.0,10.0,2.0,3.0,6.0,9.0,8.0,6.0,9.0,11.0,4.0,12.0,4.0
78,8,27,-11,16,19,7,20,4,Sunderland,2015,9,26,-11,15,19,7,18,3,0.95,1.05,0.1,2.21,0.45,0.34,0.45,38,0.21,0.11,0.76,0.63,0.34,0.29,0.11,0.03,0.03,2.26,0.47,0.32,0.42,0.21,0.11,0.79,0.68,0.37,0.32,0.11,0.0,0.0,2.16,0.42,0.37,0.47,0.21,0.11,0.74,0.58,0.32,0.26,0.11,0.05,0.05,1.11,0.29,0.53,0.61,0.18,0.11,0.58,0.39,0.11,0.03,0.0,0.0,0.0,25.0,17.0,28.0,14.0,6.0,5.0,10.0,7.0,9.0,5.0,8.0,2.0,10.0,3.0,10.0,9.0
79,7,21,-7,14,19,8,19,4,Burnley,2015,5,32,-18,14,19,11,14,3,0.74,1.0,0.26,2.13,0.39,0.26,0.47,38,0.34,0.13,0.87,0.55,0.37,0.26,0.05,0.03,0.0,1.84,0.42,0.37,0.42,0.21,0.16,0.79,0.42,0.32,0.26,0.05,0.0,0.0,2.42,0.37,0.16,0.53,0.47,0.11,0.95,0.68,0.42,0.26,0.05,0.05,0.0,1.24,0.26,0.45,0.68,0.29,0.05,0.61,0.34,0.26,0.03,0.0,0.0,0.0,31.0,16.0,22.0,12.0,5.0,8.0,13.0,4.0,13.0,4.0,9.0,3.0,7.0,4.0,6.0,5.0
80,6,18,17,35,19,1,42,12,Leicester City,2016,6,18,15,33,19,2,39,11,2.05,2.21,0.16,2.74,0.58,0.39,0.08,38,0.03,0.34,0.95,0.74,0.53,0.32,0.13,0.05,0.03,2.79,0.53,0.47,0.11,0.0,0.37,0.89,0.68,0.53,0.37,0.16,0.11,0.05,2.68,0.63,0.32,0.05,0.05,0.32,1.0,0.79,0.53,0.26,0.11,0.0,0.0,1.08,0.13,0.74,0.45,0.13,0.42,0.68,0.32,0.08,0.0,0.0,0.0,0.0,13.0,28.0,23.0,40.0,3.0,6.0,5.0,13.0,5.0,9.0,4.0,11.0,8.0,14.0,11.0,15.0
81,5,9,18,27,19,2,41,12,Manchester Utd,2016,4,26,-4,22,19,8,25,7,1.32,2.16,0.84,2.21,0.39,0.47,0.26,38,0.13,0.34,0.87,0.61,0.45,0.16,0.11,0.03,0.0,1.89,0.32,0.63,0.26,0.05,0.42,0.79,0.53,0.37,0.16,0.05,0.0,0.0,2.53,0.47,0.32,0.26,0.21,0.26,0.95,0.68,0.53,0.16,0.16,0.05,0.0,0.92,0.18,0.71,0.55,0.11,0.26,0.55,0.29,0.08,0.0,0.0,0.0,0.0,14.0,21.0,21.0,28.0,6.0,5.0,5.0,8.0,3.0,8.0,2.0,10.0,8.0,9.0,11.0,9.0
82,4,11,20,31,19,3,40,12,Arsenal,2016,7,25,9,34,19,4,31,8,1.63,2.11,0.48,2.66,0.42,0.47,0.21,38,0.11,0.37,0.89,0.79,0.5,0.26,0.11,0.08,0.03,2.21,0.37,0.53,0.21,0.11,0.42,0.89,0.74,0.42,0.16,0.0,0.0,0.0,3.11,0.47,0.42,0.21,0.11,0.32,0.89,0.84,0.58,0.37,0.21,0.16,0.05,1.45,0.29,0.58,0.39,0.13,0.32,0.74,0.47,0.18,0.05,0.0,0.0,0.0,20.0,35.0,16.0,30.0,3.0,10.0,5.0,10.0,12.0,15.0,6.0,7.0,4.0,12.0,6.0,11.0
83,2,21,26,47,19,5,38,12,Manchester City,2016,7,20,4,24,19,5,28,7,1.47,2.0,0.53,2.95,0.5,0.42,0.21,38,0.08,0.29,0.87,0.79,0.66,0.37,0.16,0.08,0.03,3.58,0.63,0.32,0.11,0.05,0.26,0.95,0.89,0.84,0.53,0.21,0.11,0.05,2.32,0.37,0.53,0.32,0.11,0.32,0.79,0.68,0.47,0.21,0.11,0.05,0.0,1.45,0.29,0.58,0.45,0.13,0.26,0.68,0.53,0.16,0.05,0.03,0.0,0.0,23.0,32.0,18.0,39.0,8.0,11.0,6.0,11.0,9.0,10.0,10.0,14.0,3.0,9.0,5.0,16.0
84,6,15,20,35,19,3,36,10,Tottenham,2016,7,20,14,34,19,3,34,9,1.79,1.89,0.1,2.74,0.58,0.34,0.16,38,0.08,0.26,0.92,0.76,0.55,0.32,0.13,0.05,0.0,2.63,0.53,0.42,0.21,0.05,0.26,0.84,0.68,0.63,0.32,0.16,0.0,0.0,2.84,0.63,0.26,0.11,0.11,0.26,1.0,0.84,0.47,0.32,0.11,0.11,0.0,1.24,0.21,0.63,0.45,0.16,0.34,0.71,0.45,0.05,0.03,0.0,0.0,0.0,16.0,31.0,19.0,38.0,3.0,6.0,6.0,10.0,7.0,15.0,2.0,9.0,5.0,14.0,12.0,15.0
85,3,22,17,39,19,5,36,11,Southampton,2016,6,19,1,20,19,6,27,7,1.42,1.89,0.47,2.63,0.5,0.32,0.26,38,0.18,0.24,0.92,0.71,0.5,0.32,0.13,0.05,0.0,3.21,0.53,0.32,0.16,0.16,0.32,1.0,0.89,0.63,0.42,0.21,0.05,0.0,2.05,0.47,0.32,0.37,0.21,0.16,0.84,0.53,0.37,0.21,0.05,0.05,0.0,1.18,0.16,0.61,0.5,0.24,0.34,0.74,0.39,0.05,0.0,0.0,0.0,0.0,19.0,26.0,22.0,33.0,3.0,8.0,5.0,7.0,11.0,11.0,3.0,6.0,8.0,16.0,11.0,11.0
86,7,26,8,34,19,3,34,9,West Ham Utd,2016,7,25,6,31,19,5,28,7,1.47,1.79,0.32,3.05,0.66,0.29,0.13,38,0.05,0.21,0.92,0.84,0.63,0.42,0.16,0.05,0.03,3.16,0.68,0.32,0.05,0.0,0.26,0.95,0.84,0.58,0.42,0.21,0.11,0.05,2.95,0.63,0.26,0.21,0.11,0.16,0.89,0.84,0.68,0.42,0.11,0.0,0.0,1.45,0.24,0.47,0.42,0.29,0.34,0.87,0.45,0.11,0.03,0.0,0.0,0.0,27.0,28.0,24.0,37.0,10.0,8.0,9.0,9.0,8.0,11.0,9.0,12.0,7.0,6.0,8.0,19.0
87,8,22,11,33,19,3,32,8,Liverpool,2016,4,28,2,30,19,7,28,8,1.47,1.68,0.21,2.97,0.55,0.29,0.21,38,0.16,0.24,0.95,0.79,0.53,0.37,0.18,0.08,0.03,2.89,0.58,0.32,0.11,0.11,0.32,1.0,0.79,0.53,0.37,0.16,0.05,0.0,3.05,0.53,0.26,0.32,0.21,0.16,0.89,0.79,0.53,0.37,0.21,0.11,0.05,1.24,0.24,0.63,0.53,0.13,0.24,0.61,0.47,0.11,0.05,0.0,0.0,0.0,19.0,28.0,31.0,35.0,7.0,5.0,7.0,11.0,5.0,12.0,7.0,9.0,11.0,14.0,13.0,12.0
88,6,20,0,20,19,5,30,8,Swansea City,2016,5,32,-10,22,19,10,17,4,0.89,1.58,0.69,2.47,0.53,0.24,0.32,38,0.24,0.16,0.92,0.66,0.53,0.26,0.08,0.03,0.0,2.11,0.37,0.42,0.32,0.21,0.32,0.89,0.53,0.37,0.21,0.05,0.05,0.0,2.84,0.68,0.05,0.32,0.26,0.0,0.95,0.79,0.68,0.32,0.11,0.0,0.0,1.11,0.21,0.61,0.55,0.18,0.24,0.63,0.32,0.13,0.03,0.0,0.0,0.0,19.0,23.0,33.0,19.0,9.0,4.0,8.0,9.0,2.0,10.0,10.0,4.0,14.0,10.0,9.0,5.0
89,7,24,8,32,19,5,28,7,Newcastle Utd,2016,3,41,-29,12,19,14,9,2,0.47,1.47,1.0,2.87,0.5,0.21,0.37,38,0.29,0.13,0.92,0.68,0.53,0.32,0.18,0.16,0.05,2.95,0.58,0.26,0.21,0.16,0.21,0.95,0.74,0.53,0.32,0.16,0.16,0.05,2.79,0.42,0.16,0.53,0.42,0.05,0.89,0.63,0.53,0.32,0.21,0.16,0.05,1.21,0.16,0.47,0.66,0.37,0.18,0.71,0.32,0.11,0.05,0.03,0.0,0.0,29.0,17.0,36.0,27.0,10.0,4.0,9.0,4.0,10.0,9.0,14.0,4.0,7.0,11.0,15.0,12.0
90,4,24,-2,22,19,7,28,8,Stoke City,2016,5,31,-12,19,19,8,23,6,1.21,1.47,0.26,2.53,0.47,0.26,0.34,38,0.26,0.18,0.92,0.74,0.53,0.24,0.05,0.03,0.03,2.42,0.47,0.26,0.32,0.26,0.21,0.95,0.74,0.53,0.21,0.0,0.0,0.0,2.63,0.47,0.26,0.37,0.26,0.16,0.89,0.74,0.53,0.26,0.11,0.05,0.05,1.05,0.08,0.58,0.66,0.34,0.26,0.68,0.29,0.08,0.0,0.0,0.0,0.0,23.0,17.0,32.0,24.0,5.0,8.0,7.0,7.0,11.0,2.0,7.0,12.0,12.0,1.0,13.0,11.0
91,6,20,3,23,19,7,24,6,Sunderland,2016,6,42,-17,25,19,10,15,3,0.79,1.26,0.47,2.89,0.55,0.18,0.32,38,0.26,0.13,0.95,0.74,0.53,0.39,0.16,0.08,0.03,2.26,0.42,0.26,0.42,0.32,0.16,0.89,0.63,0.42,0.26,0.05,0.0,0.0,3.53,0.68,0.11,0.21,0.21,0.11,1.0,0.84,0.63,0.53,0.26,0.16,0.05,1.26,0.24,0.5,0.58,0.26,0.18,0.68,0.39,0.18,0.0,0.0,0.0,0.0,30.0,18.0,32.0,30.0,10.0,4.0,9.0,2.0,11.0,12.0,13.0,9.0,11.0,7.0,8.0,14.0
92,9,30,2,32,19,5,24,5,Chelsea,2016,5,23,4,27,19,7,26,7,1.37,1.26,-0.11,2.95,0.63,0.24,0.21,38,0.13,0.16,0.92,0.79,0.63,0.42,0.13,0.05,0.0,3.26,0.74,0.16,0.11,0.11,0.16,1.0,0.89,0.63,0.53,0.11,0.11,0.0,2.63,0.53,0.32,0.32,0.16,0.16,0.84,0.68,0.63,0.32,0.16,0.0,0.0,1.29,0.26,0.53,0.5,0.21,0.24,0.71,0.39,0.16,0.03,0.0,0.0,0.0,20.0,29.0,33.0,30.0,0.0,9.0,6.0,9.0,14.0,11.0,11.0,9.0,8.0,9.0,14.0,12.0
93,6,19,1,20,19,7,24,6,Watford,2016,3,31,-11,20,19,10,21,6,1.11,1.26,0.15,2.37,0.45,0.29,0.37,38,0.26,0.18,0.89,0.68,0.47,0.21,0.08,0.03,0.0,2.05,0.42,0.42,0.37,0.16,0.21,0.79,0.63,0.47,0.11,0.05,0.0,0.0,2.68,0.47,0.16,0.37,0.37,0.16,1.0,0.74,0.47,0.32,0.11,0.05,0.0,1.0,0.21,0.58,0.58,0.21,0.21,0.63,0.32,0.03,0.03,0.0,0.0,0.0,20.0,18.0,30.0,22.0,4.0,6.0,7.0,5.0,9.0,7.0,10.0,8.0,10.0,5.0,10.0,9.0
94,5,30,5,35,19,8,23,6,Everton,2016,9,25,-1,24,19,5,24,5,1.26,1.21,-0.05,3.0,0.55,0.26,0.29,38,0.18,0.16,0.89,0.82,0.58,0.34,0.18,0.11,0.05,3.42,0.63,0.16,0.21,0.21,0.16,1.0,0.95,0.63,0.37,0.21,0.11,0.11,2.58,0.47,0.37,0.37,0.16,0.16,0.79,0.68,0.53,0.32,0.16,0.11,0.0,1.5,0.29,0.5,0.47,0.21,0.24,0.74,0.58,0.18,0.0,0.0,0.0,0.0,27.0,30.0,28.0,29.0,5.0,5.0,6.0,14.0,16.0,11.0,6.0,9.0,7.0,6.0,15.0,14.0
95,5,30,-4,26,19,8,23,6,Norwich City,2016,2,37,-24,13,19,14,11,3,0.58,1.21,0.63,2.79,0.47,0.13,0.42,38,0.39,0.11,0.97,0.71,0.53,0.26,0.11,0.08,0.05,2.95,0.58,0.21,0.26,0.21,0.16,0.95,0.74,0.53,0.32,0.16,0.11,0.05,2.63,0.37,0.05,0.58,0.58,0.05,1.0,0.68,0.53,0.21,0.05,0.05,0.05,1.05,0.16,0.53,0.71,0.32,0.13,0.61,0.29,0.08,0.05,0.03,0.0,0.0,24.0,16.0,43.0,23.0,7.0,2.0,8.0,6.0,9.0,8.0,12.0,9.0,16.0,8.0,15.0,6.0
96,5,26,-6,20,19,8,23,6,West Brom,2016,8,22,-8,14,19,7,20,4,1.05,1.21,0.16,2.16,0.45,0.29,0.37,38,0.26,0.18,0.89,0.61,0.37,0.18,0.11,0.0,0.0,2.42,0.53,0.26,0.32,0.21,0.16,0.89,0.63,0.47,0.21,0.21,0.0,0.0,1.89,0.37,0.32,0.42,0.32,0.21,0.89,0.58,0.26,0.16,0.0,0.0,0.0,1.11,0.21,0.55,0.61,0.24,0.18,0.63,0.34,0.11,0.03,0.0,0.0,0.0,24.0,18.0,24.0,16.0,5.0,5.0,11.0,4.0,8.0,9.0,7.0,7.0,7.0,3.0,10.0,6.0
97,3,23,-4,19,19,10,21,6,Crystal Palace,2016,6,28,-8,20,19,8,21,5,1.11,1.11,0.0,2.37,0.53,0.21,0.37,38,0.26,0.11,0.89,0.63,0.5,0.24,0.08,0.03,0.0,2.21,0.47,0.32,0.37,0.21,0.16,0.84,0.58,0.53,0.16,0.05,0.05,0.0,2.53,0.58,0.11,0.37,0.32,0.05,0.95,0.68,0.47,0.32,0.11,0.0,0.0,0.89,0.18,0.55,0.71,0.26,0.11,0.55,0.24,0.08,0.03,0.0,0.0,0.0,21.0,13.0,30.0,26.0,4.0,2.0,8.0,6.0,9.0,5.0,7.0,6.0,8.0,10.0,15.0,10.0
98,5,34,-11,23,19,9,20,5,Bournemouth,2016,4,33,-11,22,19,9,22,6,1.16,1.05,-0.11,2.95,0.61,0.18,0.29,38,0.21,0.11,0.92,0.82,0.58,0.34,0.16,0.11,0.03,3.0,0.58,0.21,0.26,0.21,0.16,0.95,0.84,0.53,0.37,0.21,0.11,0.0,2.89,0.63,0.16,0.32,0.21,0.05,0.89,0.79,0.63,0.32,0.11,0.11,0.05,1.55,0.26,0.37,0.53,0.37,0.21,0.84,0.47,0.13,0.08,0.03,0.0,0.0,38.0,21.0,29.0,24.0,9.0,9.0,15.0,7.0,14.0,5.0,7.0,6.0,10.0,4.0,12.0,14.0
99,5,35,-21,14,19,12,11,2,Aston Villa,2016,3,41,-28,13,19,15,6,1,0.32,0.58,0.26,2.71,0.45,0.16,0.47,38,0.39,0.08,0.92,0.74,0.47,0.37,0.16,0.05,0.0,2.58,0.42,0.21,0.47,0.37,0.11,0.89,0.68,0.42,0.32,0.16,0.11,0.0,2.84,0.47,0.11,0.47,0.42,0.05,0.95,0.79,0.53,0.42,0.16,0.0,0.0,1.03,0.11,0.39,0.82,0.5,0.08,0.68,0.26,0.08,0.0,0.0,0.0,0.0,31.0,8.0,45.0,19.0,7.0,1.0,11.0,1.0,13.0,6.0,17.0,3.0,13.0,9.0,15.0,7.0
100,2,9,38,47,19,0,53,17,Tottenham,2017,6,17,22,39,19,4,33,9,1.74,2.79,1.05,2.95,0.47,0.45,0.13,38,0.08,0.39,0.95,0.79,0.53,0.37,0.18,0.05,0.05,2.95,0.37,0.63,0.0,0.0,0.63,1.0,0.84,0.58,0.37,0.16,0.0,0.0,2.95,0.58,0.26,0.26,0.16,0.16,0.89,0.74,0.47,0.37,0.21,0.11,0.11,1.24,0.08,0.74,0.47,0.18,0.45,0.71,0.39,0.11,0.03,0.0,0.0,0.0,11.0,36.0,15.0,50.0,3.0,10.0,5.0,9.0,3.0,17.0,6.0,18.0,5.0,11.0,4.0,21.0
101,0,17,38,55,19,2,51,17,Chelsea,2017,3,16,14,30,19,3,42,13,2.21,2.68,0.47,3.11,0.5,0.42,0.08,38,0.08,0.42,1.0,0.87,0.68,0.29,0.13,0.11,0.03,3.79,0.58,0.42,0.0,0.0,0.42,1.0,0.95,0.89,0.42,0.26,0.21,0.05,2.42,0.42,0.42,0.16,0.16,0.42,1.0,0.79,0.47,0.16,0.0,0.0,0.0,1.47,0.26,0.61,0.29,0.13,0.45,0.84,0.45,0.18,0.0,0.0,0.0,0.0,19.0,37.0,14.0,48.0,7.0,12.0,5.0,12.0,7.0,13.0,7.0,12.0,3.0,14.0,4.0,22.0
102,3,16,23,39,19,2,45,14,Arsenal,2017,3,28,10,38,19,7,30,9,1.58,2.37,0.79,3.18,0.61,0.34,0.11,38,0.05,0.29,0.95,0.87,0.66,0.42,0.18,0.08,0.03,2.89,0.53,0.47,0.05,0.0,0.42,0.95,0.84,0.58,0.32,0.11,0.05,0.05,3.47,0.68,0.21,0.16,0.11,0.16,0.95,0.89,0.74,0.53,0.26,0.11,0.0,1.16,0.21,0.66,0.45,0.13,0.34,0.68,0.37,0.11,0.0,0.0,0.0,0.0,17.0,27.0,27.0,50.0,6.0,7.0,6.0,8.0,5.0,12.0,12.0,15.0,9.0,12.0,6.0,23.0
103,4,16,26,42,19,2,43,13,Everton,2017,6,28,-8,20,19,9,18,4,0.95,2.26,1.31,2.79,0.5,0.34,0.21,38,0.16,0.29,0.95,0.76,0.5,0.32,0.13,0.05,0.03,3.05,0.47,0.42,0.11,0.11,0.42,1.0,0.84,0.53,0.32,0.11,0.11,0.05,2.53,0.53,0.26,0.32,0.21,0.16,0.89,0.68,0.47,0.32,0.16,0.0,0.0,1.18,0.21,0.55,0.58,0.24,0.21,0.66,0.32,0.13,0.05,0.03,0.0,0.0,22.0,23.0,22.0,39.0,8.0,4.0,8.0,7.0,6.0,12.0,8.0,11.0,6.0,6.0,8.0,22.0
104,5,18,27,45,19,2,41,12,Liverpool,2017,5,24,9,33,19,4,35,10,1.84,2.16,0.32,3.16,0.63,0.32,0.13,38,0.05,0.24,0.92,0.82,0.61,0.39,0.21,0.13,0.08,3.32,0.68,0.32,0.11,0.0,0.21,0.89,0.84,0.68,0.47,0.26,0.11,0.05,3.0,0.58,0.32,0.16,0.11,0.26,0.95,0.79,0.53,0.32,0.16,0.16,0.11,1.55,0.26,0.58,0.34,0.16,0.39,0.82,0.5,0.18,0.03,0.03,0.0,0.0,20.0,39.0,22.0,39.0,5.0,5.0,6.0,16.0,9.0,18.0,6.0,18.0,8.0,14.0,8.0,7.0
105,7,17,20,37,19,1,40,11,Manchester City,2017,2,22,21,43,19,5,38,12,2.0,2.11,0.11,3.13,0.61,0.32,0.13,38,0.08,0.26,0.95,0.92,0.71,0.42,0.11,0.03,0.0,2.84,0.74,0.26,0.11,0.0,0.16,0.89,0.89,0.63,0.37,0.05,0.0,0.0,3.42,0.47,0.37,0.16,0.16,0.37,1.0,0.95,0.79,0.47,0.16,0.05,0.0,1.39,0.16,0.66,0.39,0.18,0.45,0.79,0.39,0.18,0.03,0.0,0.0,0.0,17.0,36.0,22.0,44.0,8.0,9.0,2.0,13.0,7.0,14.0,7.0,14.0,5.0,11.0,10.0,19.0
106,10,12,14,26,19,1,34,8,Manchester Utd,2017,5,17,11,28,19,4,35,10,1.84,1.79,-0.05,2.18,0.5,0.45,0.21,38,0.05,0.29,0.84,0.79,0.34,0.18,0.03,0.0,0.0,2.0,0.58,0.42,0.16,0.0,0.26,0.84,0.79,0.21,0.11,0.05,0.0,0.0,2.37,0.42,0.47,0.26,0.11,0.32,0.84,0.79,0.47,0.26,0.0,0.0,0.0,1.03,0.08,0.76,0.47,0.16,0.45,0.68,0.24,0.08,0.03,0.0,0.0,0.0,11.0,28.0,18.0,26.0,4.0,4.0,4.0,9.0,3.0,15.0,4.0,7.0,6.0,7.0,8.0,12.0
107,4,25,6,31,19,5,34,10,Leicester City,2017,4,38,-21,17,19,13,10,2,0.53,1.79,1.26,2.92,0.53,0.24,0.32,38,0.24,0.16,0.92,0.79,0.63,0.32,0.16,0.08,0.03,2.95,0.47,0.37,0.26,0.16,0.26,0.89,0.84,0.63,0.32,0.11,0.11,0.05,2.89,0.58,0.11,0.37,0.32,0.05,0.95,0.74,0.63,0.32,0.21,0.05,0.0,1.47,0.18,0.5,0.55,0.32,0.26,0.76,0.42,0.18,0.08,0.03,0.0,0.0,33.0,23.0,30.0,25.0,9.0,8.0,6.0,5.0,18.0,10.0,8.0,13.0,9.0,3.0,13.0,9.0
108,3,20,6,26,19,6,33,10,Burnley,2017,4,35,-22,13,19,14,7,1,0.37,1.74,1.37,2.47,0.5,0.26,0.32,38,0.24,0.18,0.92,0.74,0.5,0.21,0.11,0.0,0.0,2.42,0.47,0.32,0.21,0.21,0.32,1.0,0.68,0.37,0.21,0.16,0.0,0.0,2.53,0.53,0.21,0.42,0.26,0.05,0.84,0.79,0.63,0.21,0.05,0.0,0.0,0.97,0.18,0.61,0.66,0.21,0.16,0.55,0.37,0.05,0.0,0.0,0.0,0.0,21.0,16.0,34.0,23.0,5.0,7.0,6.0,5.0,10.0,4.0,8.0,6.0,14.0,6.0,12.0,11.0
109,4,29,6,35,19,6,31,9,Bournemouth,2017,6,38,-18,20,19,10,15,3,0.79,1.63,0.84,3.21,0.55,0.26,0.24,38,0.18,0.21,0.95,0.79,0.61,0.47,0.16,0.11,0.08,3.37,0.58,0.32,0.16,0.11,0.26,0.95,0.79,0.63,0.53,0.21,0.16,0.11,3.05,0.53,0.21,0.32,0.26,0.16,0.95,0.79,0.58,0.42,0.11,0.05,0.05,1.47,0.29,0.45,0.42,0.26,0.29,0.84,0.47,0.13,0.03,0.0,0.0,0.0,29.0,27.0,38.0,28.0,7.0,9.0,15.0,8.0,7.0,10.0,12.0,5.0,13.0,8.0,13.0,15.0
110,2,22,5,27,19,8,29,9,West Brom,2017,7,29,-13,16,19,9,16,3,0.84,1.53,0.69,2.47,0.5,0.16,0.39,38,0.34,0.11,0.95,0.71,0.47,0.29,0.03,0.03,0.0,2.58,0.42,0.21,0.42,0.37,0.16,0.95,0.68,0.47,0.37,0.05,0.05,0.0,2.37,0.58,0.11,0.37,0.32,0.05,0.95,0.74,0.47,0.21,0.0,0.0,0.0,1.11,0.13,0.58,0.63,0.29,0.24,0.66,0.37,0.08,0.0,0.0,0.0,0.0,21.0,21.0,30.0,22.0,5.0,8.0,9.0,4.0,7.0,9.0,8.0,6.0,6.0,9.0,16.0,7.0
111,4,29,-4,25,19,7,28,8,Watford,2017,3,39,-24,15,19,13,12,3,0.63,1.47,0.84,2.84,0.47,0.18,0.39,38,0.34,0.13,0.95,0.71,0.47,0.34,0.18,0.11,0.08,2.84,0.58,0.26,0.21,0.16,0.21,0.95,0.68,0.53,0.37,0.21,0.05,0.05,2.84,0.37,0.11,0.58,0.53,0.05,0.95,0.74,0.42,0.32,0.16,0.16,0.11,1.37,0.13,0.47,0.66,0.39,0.21,0.74,0.34,0.24,0.05,0.0,0.0,0.0,35.0,17.0,33.0,23.0,4.0,9.0,10.0,2.0,21.0,6.0,15.0,10.0,6.0,7.0,12.0,6.0
112,4,35,-7,28,19,7,28,8,Hull City,2017,3,45,-36,9,19,15,6,1,0.32,1.47,1.15,3.08,0.5,0.13,0.42,38,0.37,0.08,0.95,0.84,0.55,0.37,0.16,0.13,0.05,3.32,0.63,0.11,0.26,0.26,0.11,1.0,0.95,0.58,0.32,0.21,0.16,0.05,2.84,0.37,0.16,0.58,0.47,0.05,0.89,0.74,0.53,0.42,0.11,0.11,0.05,1.03,0.13,0.47,0.76,0.39,0.11,0.63,0.21,0.11,0.05,0.03,0.0,0.0,28.0,11.0,52.0,26.0,10.0,3.0,6.0,3.0,12.0,5.0,9.0,5.0,17.0,12.0,26.0,9.0
113,6,24,0,24,19,6,27,7,Stoke City,2017,5,32,-15,17,19,10,17,4,0.89,1.42,0.53,2.55,0.5,0.29,0.29,38,0.21,0.21,0.92,0.74,0.39,0.34,0.13,0.03,0.0,2.53,0.53,0.37,0.21,0.11,0.26,0.89,0.79,0.42,0.32,0.11,0.0,0.0,2.58,0.47,0.21,0.37,0.32,0.16,0.95,0.68,0.37,0.37,0.16,0.05,0.0,1.21,0.16,0.55,0.55,0.29,0.29,0.74,0.34,0.08,0.05,0.0,0.0,0.0,23.0,23.0,33.0,18.0,8.0,6.0,3.0,7.0,12.0,10.0,10.0,6.0,13.0,9.0,10.0,3.0
114,3,34,-7,27,19,8,27,8,Swansea City,2017,2,36,-18,18,19,13,14,4,0.74,1.42,0.68,3.03,0.55,0.21,0.29,38,0.24,0.16,0.95,0.82,0.63,0.37,0.16,0.03,0.03,3.21,0.53,0.32,0.26,0.16,0.21,0.89,0.84,0.68,0.42,0.16,0.05,0.05,2.84,0.58,0.11,0.32,0.32,0.11,1.0,0.79,0.58,0.32,0.16,0.0,0.0,1.13,0.16,0.47,0.61,0.37,0.24,0.76,0.32,0.05,0.0,0.0,0.0,0.0,26.0,17.0,44.0,28.0,5.0,7.0,9.0,1.0,12.0,9.0,11.0,5.0,14.0,10.0,19.0,13.0
115,4,31,-12,19,19,8,25,7,West Ham Utd,2017,5,33,-5,28,19,9,20,5,1.05,1.32,0.27,2.92,0.55,0.26,0.24,38,0.18,0.21,0.95,0.74,0.58,0.39,0.18,0.08,0.0,2.63,0.37,0.42,0.26,0.21,0.37,0.95,0.63,0.47,0.32,0.16,0.11,0.0,3.21,0.74,0.11,0.21,0.16,0.05,0.95,0.84,0.68,0.47,0.21,0.05,0.0,1.21,0.24,0.5,0.61,0.26,0.16,0.66,0.32,0.18,0.05,0.0,0.0,0.0,27.0,19.0,37.0,28.0,8.0,7.0,10.0,6.0,9.0,6.0,12.0,5.0,8.0,10.0,17.0,13.0
116,6,21,-4,17,19,7,24,6,Southampton,2017,4,27,-3,24,19,9,22,6,1.16,1.26,0.1,2.34,0.42,0.37,0.39,38,0.21,0.18,0.82,0.66,0.5,0.21,0.08,0.05,0.03,2.0,0.37,0.42,0.42,0.21,0.21,0.79,0.58,0.37,0.21,0.05,0.0,0.0,2.68,0.47,0.32,0.37,0.21,0.16,0.84,0.74,0.63,0.21,0.11,0.11,0.05,0.97,0.21,0.63,0.58,0.16,0.21,0.58,0.32,0.08,0.0,0.0,0.0,0.0,18.0,19.0,30.0,22.0,7.0,5.0,2.0,7.0,9.0,7.0,10.0,7.0,6.0,4.0,14.0,11.0
117,2,25,-1,24,19,11,20,6,Crystal Palace,2017,3,38,-12,26,19,10,21,6,1.11,1.05,-0.06,2.97,0.47,0.18,0.34,38,0.34,0.18,1.0,0.76,0.55,0.32,0.18,0.08,0.03,2.58,0.37,0.26,0.37,0.37,0.26,1.0,0.63,0.53,0.26,0.11,0.05,0.0,3.37,0.58,0.11,0.32,0.32,0.11,1.0,0.89,0.58,0.37,0.26,0.11,0.05,1.24,0.16,0.39,0.68,0.45,0.16,0.76,0.32,0.08,0.05,0.03,0.0,0.0,30.0,17.0,33.0,33.0,9.0,5.0,7.0,5.0,14.0,7.0,5.0,7.0,9.0,12.0,19.0,14.0
118,6,23,-6,17,19,9,18,4,Middlesbrough,2017,7,30,-20,10,19,11,10,1,0.53,0.95,0.42,2.11,0.42,0.29,0.47,38,0.29,0.11,0.82,0.61,0.45,0.18,0.03,0.03,0.0,2.11,0.47,0.37,0.32,0.16,0.21,0.84,0.63,0.47,0.16,0.0,0.0,0.0,2.11,0.37,0.21,0.63,0.42,0.0,0.79,0.58,0.42,0.21,0.05,0.05,0.0,1.11,0.16,0.53,0.68,0.32,0.16,0.63,0.32,0.08,0.05,0.03,0.0,0.0,27.0,15.0,26.0,12.0,5.0,5.0,9.0,5.0,13.0,5.0,9.0,5.0,10.0,4.0,7.0,3.0
119,5,34,-18,16,19,11,14,3,Sunderland,2017,1,35,-22,13,19,15,10,3,0.53,0.74,0.21,2.58,0.37,0.16,0.53,38,0.47,0.11,0.95,0.76,0.47,0.26,0.11,0.03,0.0,2.63,0.42,0.21,0.47,0.37,0.11,0.89,0.74,0.58,0.32,0.11,0.0,0.0,2.53,0.32,0.11,0.58,0.58,0.11,1.0,0.79,0.37,0.21,0.11,0.05,0.0,1.0,0.13,0.47,0.79,0.39,0.08,0.61,0.29,0.05,0.05,0.0,0.0,0.0,27.0,11.0,42.0,18.0,9.0,2.0,6.0,2.0,12.0,7.0,10.0,2.0,10.0,8.0,22.0,8.0
120,2,14,47,61,19,1,50,16,Manchester City,2018,2,13,32,45,19,1,50,16,2.63,2.63,0.0,3.5,0.53,0.47,0.05,38,0.0,0.42,0.95,0.84,0.71,0.5,0.29,0.11,0.05,3.95,0.58,0.42,0.05,0.0,0.37,0.95,0.89,0.84,0.63,0.37,0.11,0.05,3.05,0.47,0.53,0.05,0.0,0.47,0.95,0.79,0.58,0.37,0.21,0.11,0.05,1.5,0.24,0.68,0.26,0.08,0.5,0.82,0.45,0.21,0.03,0.0,0.0,0.0,12.0,45.0,15.0,61.0,3.0,12.0,2.0,20.0,7.0,13.0,4.0,18.0,6.0,18.0,5.0,25.0
121,2,20,34,54,19,2,47,15,Arsenal,2018,4,31,-11,20,19,11,16,4,0.84,2.47,1.63,3.29,0.55,0.34,0.16,38,0.11,0.29,0.95,0.82,0.68,0.42,0.26,0.11,0.05,3.89,0.47,0.47,0.05,0.05,0.47,1.0,0.95,0.79,0.53,0.42,0.16,0.05,2.68,0.63,0.21,0.26,0.16,0.11,0.89,0.68,0.58,0.32,0.11,0.05,0.05,1.34,0.16,0.61,0.5,0.24,0.34,0.74,0.37,0.16,0.08,0.0,0.0,0.0,21.0,30.0,30.0,44.0,8.0,11.0,10.0,8.0,3.0,11.0,7.0,15.0,12.0,13.0,11.0,16.0
122,2,9,29,38,19,2,47,15,Manchester Utd,2018,4,19,11,30,19,5,34,10,1.79,2.47,0.68,2.53,0.37,0.5,0.21,38,0.13,0.42,0.92,0.66,0.5,0.32,0.11,0.03,0.0,2.47,0.32,0.63,0.11,0.05,0.58,0.95,0.68,0.53,0.26,0.05,0.0,0.0,2.58,0.42,0.37,0.32,0.21,0.26,0.89,0.63,0.47,0.37,0.16,0.05,0.0,1.13,0.13,0.74,0.47,0.13,0.39,0.66,0.42,0.05,0.0,0.0,0.0,0.0,14.0,29.0,14.0,39.0,4.0,7.0,5.0,9.0,5.0,13.0,6.0,12.0,4.0,9.0,4.0,18.0
123,7,10,35,45,19,0,43,12,Liverpool,2018,5,28,11,39,19,5,32,9,1.68,2.26,0.58,3.21,0.47,0.45,0.18,38,0.08,0.34,0.89,0.82,0.66,0.42,0.29,0.11,0.03,2.89,0.37,0.63,0.16,0.0,0.47,0.84,0.79,0.58,0.37,0.21,0.05,0.05,3.53,0.58,0.26,0.21,0.16,0.21,0.95,0.84,0.74,0.47,0.37,0.16,0.0,1.37,0.16,0.68,0.37,0.16,0.47,0.79,0.45,0.11,0.03,0.0,0.0,0.0,17.0,35.0,21.0,49.0,6.0,8.0,3.0,16.0,8.0,11.0,8.0,17.0,1.0,15.0,12.0,17.0
124,4,16,24,40,19,2,43,13,Tottenham,2018,4,20,14,34,19,5,34,10,1.79,2.26,0.47,2.89,0.5,0.42,0.11,38,0.08,0.39,0.97,0.79,0.45,0.32,0.18,0.08,0.05,2.95,0.47,0.53,0.05,0.0,0.47,0.95,0.74,0.37,0.32,0.21,0.16,0.11,2.84,0.53,0.32,0.16,0.16,0.32,1.0,0.84,0.53,0.32,0.16,0.0,0.0,1.16,0.18,0.66,0.5,0.16,0.32,0.66,0.37,0.11,0.03,0.0,0.0,0.0,17.0,27.0,19.0,47.0,8.0,7.0,6.0,11.0,3.0,9.0,3.0,20.0,6.0,12.0,10.0,15.0
125,4,16,14,30,19,4,37,11,Chelsea,2018,3,22,10,32,19,6,33,10,1.74,1.95,0.21,2.63,0.45,0.42,0.21,38,0.13,0.34,0.92,0.68,0.55,0.32,0.13,0.03,0.0,2.42,0.37,0.53,0.21,0.11,0.42,0.89,0.63,0.42,0.26,0.16,0.05,0.0,2.84,0.53,0.32,0.21,0.16,0.26,0.95,0.74,0.68,0.37,0.11,0.0,0.0,1.13,0.13,0.74,0.47,0.13,0.39,0.66,0.34,0.13,0.0,0.0,0.0,0.0,13.0,30.0,25.0,32.0,3.0,7.0,3.0,13.0,7.0,10.0,6.0,6.0,12.0,13.0,7.0,13.0
126,4,22,6,28,19,5,34,10,Everton,2018,6,36,-20,16,19,10,15,3,0.79,1.79,1.0,2.68,0.53,0.26,0.29,38,0.21,0.18,0.92,0.79,0.47,0.32,0.11,0.05,0.03,2.63,0.47,0.37,0.26,0.16,0.26,0.89,0.74,0.47,0.32,0.11,0.05,0.05,2.74,0.58,0.16,0.32,0.26,0.11,0.95,0.84,0.47,0.32,0.11,0.05,0.0,1.05,0.11,0.58,0.68,0.32,0.21,0.63,0.29,0.08,0.05,0.0,0.0,0.0,25.0,15.0,33.0,29.0,7.0,2.0,8.0,5.0,10.0,8.0,11.0,6.0,6.0,12.0,16.0,11.0
127,8,25,-1,24,19,4,29,7,Brighton,2018,5,29,-19,10,19,12,11,2,0.58,1.53,0.95,2.32,0.42,0.26,0.45,38,0.32,0.13,0.87,0.74,0.34,0.26,0.08,0.03,0.0,2.58,0.58,0.26,0.26,0.16,0.16,0.89,0.74,0.42,0.37,0.11,0.05,0.0,2.05,0.26,0.26,0.63,0.47,0.11,0.84,0.74,0.26,0.16,0.05,0.0,0.0,1.05,0.18,0.58,0.66,0.24,0.16,0.58,0.32,0.11,0.03,0.03,0.0,0.0,24.0,16.0,30.0,18.0,8.0,5.0,7.0,5.0,9.0,6.0,8.0,10.0,9.0,6.0,13.0,2.0
128,4,17,4,21,19,7,28,8,Newcastle Utd,2018,4,30,-12,18,19,11,16,4,0.84,1.47,0.63,2.26,0.42,0.24,0.37,38,0.34,0.21,0.97,0.58,0.42,0.21,0.08,0.0,0.0,2.0,0.32,0.37,0.37,0.32,0.32,0.95,0.58,0.37,0.05,0.05,0.0,0.0,2.53,0.53,0.11,0.37,0.37,0.11,1.0,0.58,0.47,0.37,0.11,0.0,0.0,0.92,0.16,0.61,0.63,0.24,0.21,0.61,0.26,0.05,0.0,0.0,0.0,0.0,19.0,16.0,28.0,23.0,3.0,5.0,8.0,8.0,8.0,3.0,12.0,6.0,9.0,12.0,7.0,5.0
129,6,22,3,25,19,6,27,7,Leicester City,2018,5,38,-7,31,19,9,20,5,1.05,1.42,0.37,3.05,0.63,0.24,0.21,38,0.13,0.16,0.92,0.89,0.55,0.29,0.21,0.08,0.05,2.47,0.53,0.32,0.21,0.16,0.26,0.95,0.89,0.42,0.16,0.05,0.0,0.0,3.63,0.74,0.16,0.21,0.11,0.05,0.89,0.89,0.68,0.42,0.37,0.16,0.11,1.37,0.26,0.47,0.47,0.26,0.26,0.79,0.45,0.11,0.03,0.0,0.0,0.0,26.0,26.0,34.0,30.0,8.0,9.0,5.0,10.0,13.0,7.0,13.0,8.0,9.0,9.0,12.0,13.0
130,6,26,-2,24,19,6,27,7,West Ham Utd,2018,6,42,-18,24,19,10,15,3,0.79,1.42,0.63,3.05,0.58,0.26,0.24,38,0.16,0.18,0.92,0.87,0.58,0.39,0.26,0.03,0.0,2.63,0.53,0.37,0.21,0.11,0.26,0.89,0.79,0.47,0.26,0.21,0.0,0.0,3.47,0.63,0.16,0.26,0.21,0.11,0.95,0.95,0.68,0.53,0.32,0.05,0.0,1.21,0.21,0.5,0.55,0.29,0.24,0.74,0.39,0.08,0.0,0.0,0.0,0.0,26.0,20.0,42.0,28.0,8.0,4.0,9.0,5.0,9.0,11.0,13.0,5.0,12.0,12.0,17.0,11.0
131,6,31,-4,27,19,6,27,7,Watford,2018,2,33,-16,17,19,13,14,4,0.74,1.42,0.68,2.84,0.47,0.24,0.37,38,0.29,0.16,0.92,0.74,0.55,0.32,0.21,0.11,0.0,3.05,0.63,0.26,0.21,0.11,0.16,0.89,0.74,0.63,0.37,0.26,0.16,0.0,2.63,0.32,0.21,0.53,0.47,0.16,0.95,0.74,0.47,0.26,0.16,0.05,0.0,1.21,0.16,0.47,0.63,0.37,0.21,0.74,0.37,0.11,0.0,0.0,0.0,0.0,29.0,17.0,35.0,27.0,6.0,8.0,11.0,2.0,12.0,7.0,8.0,4.0,8.0,9.0,19.0,14.0
132,5,27,2,29,19,7,26,7,Crystal Palace,2018,6,28,-12,16,19,9,18,4,0.95,1.37,0.42,2.63,0.5,0.24,0.37,38,0.26,0.13,0.89,0.71,0.55,0.32,0.16,0.0,0.0,2.95,0.58,0.21,0.26,0.21,0.16,0.95,0.79,0.63,0.37,0.21,0.0,0.0,2.32,0.42,0.26,0.47,0.32,0.11,0.84,0.63,0.47,0.26,0.11,0.0,0.0,1.24,0.13,0.5,0.71,0.37,0.16,0.66,0.32,0.13,0.11,0.03,0.0,0.0,29.0,18.0,26.0,27.0,9.0,6.0,9.0,6.0,11.0,6.0,9.0,7.0,6.0,5.0,11.0,15.0
133,5,17,-1,16,19,7,26,7,Burnley,2018,7,22,-2,20,19,5,28,7,1.47,1.37,-0.1,1.97,0.45,0.32,0.34,38,0.24,0.21,0.89,0.58,0.37,0.08,0.05,0.0,0.0,1.74,0.42,0.37,0.32,0.21,0.26,0.89,0.53,0.32,0.0,0.0,0.0,0.0,2.21,0.47,0.26,0.37,0.26,0.16,0.89,0.63,0.42,0.16,0.11,0.0,0.0,0.74,0.03,0.71,0.71,0.26,0.26,0.55,0.16,0.03,0.0,0.0,0.0,0.0,12.0,16.0,27.0,20.0,4.0,4.0,7.0,5.0,1.0,7.0,4.0,1.0,13.0,10.0,10.0,9.0
134,5,30,-4,26,19,7,26,7,Bournemouth,2018,6,31,-12,19,19,9,18,4,0.95,1.37,0.42,2.79,0.58,0.16,0.32,38,0.26,0.11,0.95,0.79,0.66,0.29,0.08,0.03,0.0,2.95,0.63,0.16,0.26,0.21,0.11,0.95,0.84,0.68,0.32,0.11,0.05,0.0,2.63,0.53,0.16,0.37,0.32,0.11,0.95,0.74,0.63,0.26,0.05,0.0,0.0,1.11,0.21,0.5,0.63,0.29,0.16,0.66,0.34,0.08,0.03,0.0,0.0,0.0,25.0,17.0,36.0,28.0,7.0,4.0,10.0,4.0,8.0,9.0,12.0,3.0,11.0,11.0,13.0,14.0
135,5,25,-9,16,19,8,23,6,Huddersfield,2018,5,33,-21,12,19,11,14,3,0.74,1.21,0.47,2.26,0.32,0.26,0.55,38,0.42,0.13,0.87,0.74,0.37,0.18,0.11,0.0,0.0,2.16,0.37,0.37,0.42,0.26,0.21,0.84,0.63,0.37,0.21,0.11,0.0,0.0,2.37,0.26,0.16,0.68,0.58,0.05,0.89,0.84,0.37,0.16,0.11,0.0,0.0,0.89,0.08,0.63,0.74,0.29,0.18,0.55,0.29,0.05,0.0,0.0,0.0,0.0,19.0,15.0,39.0,13.0,3.0,4.0,10.0,5.0,6.0,6.0,15.0,6.0,14.0,2.0,10.0,5.0
136,3,24,-7,17,19,10,21,6,Swansea City,2018,6,32,-21,11,19,11,12,2,0.63,1.11,0.48,2.21,0.39,0.24,0.47,38,0.37,0.13,0.89,0.63,0.37,0.21,0.11,0.0,0.0,2.16,0.37,0.26,0.42,0.37,0.21,0.95,0.58,0.37,0.21,0.05,0.0,0.0,2.26,0.42,0.21,0.53,0.37,0.05,0.84,0.68,0.37,0.21,0.16,0.0,0.0,0.95,0.11,0.47,0.76,0.42,0.13,0.66,0.24,0.05,0.0,0.0,0.0,0.0,26.0,10.0,30.0,18.0,7.0,3.0,7.0,1.0,12.0,6.0,9.0,7.0,9.0,4.0,12.0,7.0
137,5,30,-10,20,19,9,20,5,Stoke City,2018,7,38,-23,15,19,10,13,2,0.68,1.05,0.37,2.71,0.58,0.16,0.34,38,0.26,0.08,0.92,0.79,0.58,0.21,0.08,0.05,0.03,2.63,0.58,0.16,0.32,0.26,0.11,0.95,0.84,0.63,0.21,0.0,0.0,0.0,2.79,0.58,0.16,0.37,0.26,0.05,0.89,0.74,0.53,0.21,0.16,0.11,0.05,1.11,0.16,0.53,0.66,0.32,0.18,0.66,0.29,0.13,0.03,0.0,0.0,0.0,25.0,17.0,43.0,18.0,8.0,2.0,11.0,3.0,6.0,12.0,9.0,7.0,19.0,5.0,15.0,6.0
138,7,26,-6,20,19,8,19,4,Southampton,2018,8,30,-13,17,19,8,17,3,0.89,1.0,0.11,2.45,0.55,0.21,0.37,38,0.24,0.08,0.87,0.68,0.42,0.24,0.18,0.03,0.03,2.42,0.58,0.16,0.37,0.26,0.05,0.89,0.68,0.37,0.26,0.21,0.0,0.0,2.47,0.53,0.26,0.37,0.21,0.11,0.84,0.68,0.47,0.21,0.16,0.05,0.05,1.16,0.16,0.5,0.66,0.34,0.18,0.68,0.34,0.13,0.0,0.0,0.0,0.0,28.0,16.0,28.0,21.0,6.0,5.0,7.0,7.0,15.0,4.0,7.0,7.0,11.0,8.0,10.0,6.0
139,9,29,-8,21,19,7,18,3,West Brom,2018,4,27,-17,10,19,12,13,3,0.68,0.95,0.27,2.29,0.5,0.26,0.34,38,0.24,0.16,0.89,0.66,0.42,0.24,0.08,0.0,0.0,2.63,0.63,0.32,0.21,0.05,0.16,0.84,0.74,0.53,0.37,0.16,0.0,0.0,1.95,0.37,0.21,0.47,0.42,0.16,0.95,0.58,0.32,0.11,0.0,0.0,0.0,0.84,0.11,0.63,0.71,0.26,0.18,0.55,0.18,0.11,0.0,0.0,0.0,0.0,20.0,12.0,36.0,19.0,3.0,6.0,9.0,4.0,8.0,2.0,6.0,5.0,14.0,6.0,16.0,8.0
140,0,12,45,57,19,1,54,18,Manchester City,2019,2,11,27,38,19,3,44,14,2.32,2.84,0.52,3.11,0.45,0.53,0.05,38,0.03,0.5,0.97,0.82,0.61,0.39,0.18,0.08,0.05,3.63,0.53,0.47,0.0,0.0,0.47,1.0,0.84,0.74,0.53,0.26,0.16,0.11,2.58,0.37,0.58,0.11,0.05,0.53,0.95,0.79,0.47,0.26,0.11,0.0,0.0,1.58,0.24,0.74,0.24,0.03,0.53,0.79,0.42,0.24,0.11,0.03,0.0,0.0,11.0,49.0,12.0,46.0,1.0,19.0,4.0,14.0,6.0,16.0,3.0,18.0,4.0,15.0,5.0,13.0
141,2,10,45,55,19,0,53,17,Liverpool,2019,5,12,22,34,19,1,44,13,2.32,2.79,0.47,2.92,0.45,0.55,0.08,38,0.0,0.47,0.92,0.82,0.55,0.34,0.18,0.08,0.03,3.42,0.37,0.63,0.05,0.0,0.58,0.95,0.84,0.63,0.47,0.32,0.16,0.05,2.42,0.53,0.47,0.11,0.0,0.37,0.89,0.79,0.47,0.21,0.05,0.0,0.0,1.26,0.18,0.74,0.34,0.08,0.47,0.74,0.34,0.13,0.03,0.03,0.0,0.0,10.0,38.0,12.0,51.0,3.0,9.0,3.0,18.0,4.0,11.0,2.0,12.0,5.0,14.0,5.0,25.0
142,3,16,26,42,19,2,45,14,Arsenal,2019,4,35,-4,31,19,8,25,7,1.32,2.37,1.05,3.26,0.68,0.21,0.11,38,0.11,0.21,1.0,0.89,0.58,0.45,0.24,0.11,0.0,3.05,0.58,0.37,0.05,0.05,0.37,1.0,0.95,0.42,0.37,0.21,0.11,0.0,3.47,0.79,0.05,0.16,0.16,0.05,1.0,0.84,0.74,0.53,0.26,0.11,0.0,1.47,0.34,0.5,0.39,0.16,0.26,0.76,0.45,0.18,0.05,0.03,0.0,0.0,28.0,28.0,23.0,45.0,6.0,12.0,9.0,11.0,13.0,5.0,2.0,15.0,13.0,11.0,8.0,19.0
143,6,12,27,39,19,1,42,12,Chelsea,2019,3,27,-3,24,19,7,30,9,1.58,2.21,0.63,2.68,0.42,0.42,0.26,38,0.16,0.32,0.89,0.84,0.55,0.26,0.11,0.03,0.0,2.68,0.42,0.53,0.16,0.05,0.42,0.89,0.84,0.47,0.32,0.16,0.0,0.0,2.68,0.42,0.32,0.37,0.26,0.21,0.89,0.84,0.63,0.21,0.05,0.05,0.0,1.16,0.18,0.74,0.47,0.08,0.34,0.61,0.34,0.13,0.08,0.0,0.0,0.0,17.0,27.0,22.0,36.0,6.0,5.0,6.0,10.0,5.0,12.0,12.0,9.0,6.0,8.0,4.0,19.0
144,2,16,18,34,19,5,38,12,Tottenham,2019,0,23,10,33,19,8,33,11,1.74,2.0,0.26,2.79,0.5,0.34,0.16,38,0.16,0.34,1.0,0.71,0.58,0.29,0.11,0.05,0.03,2.63,0.47,0.37,0.16,0.16,0.37,1.0,0.63,0.53,0.42,0.05,0.0,0.0,2.95,0.53,0.32,0.16,0.16,0.32,1.0,0.79,0.63,0.16,0.16,0.11,0.05,1.11,0.08,0.71,0.5,0.21,0.42,0.71,0.24,0.13,0.03,0.0,0.0,0.0,11.0,31.0,28.0,36.0,4.0,7.0,4.0,14.0,3.0,10.0,6.0,10.0,7.0,12.0,15.0,14.0
145,6,25,8,33,19,3,36,10,Manchester Utd,2019,3,29,3,32,19,7,30,9,1.58,1.89,0.31,3.13,0.68,0.18,0.18,38,0.13,0.13,0.95,0.89,0.68,0.42,0.16,0.03,0.0,3.05,0.74,0.11,0.26,0.16,0.0,0.89,0.89,0.68,0.37,0.21,0.0,0.0,3.21,0.63,0.26,0.11,0.11,0.26,1.0,0.89,0.68,0.47,0.11,0.05,0.0,1.53,0.24,0.55,0.37,0.21,0.39,0.84,0.45,0.13,0.11,0.0,0.0,0.0,23.0,35.0,31.0,30.0,8.0,10.0,10.0,10.0,5.0,15.0,10.0,7.0,11.0,9.0,10.0,14.0
146,4,21,9,30,19,5,34,10,Everton,2019,5,25,-1,24,19,9,20,5,1.05,1.79,0.74,2.63,0.45,0.37,0.26,38,0.18,0.29,0.92,0.74,0.47,0.32,0.08,0.05,0.03,2.68,0.42,0.47,0.16,0.11,0.42,0.95,0.79,0.42,0.32,0.05,0.05,0.05,2.58,0.47,0.26,0.37,0.26,0.16,0.89,0.68,0.53,0.32,0.11,0.05,0.0,1.11,0.24,0.66,0.53,0.11,0.24,0.58,0.37,0.11,0.05,0.0,0.0,0.0,17.0,25.0,29.0,29.0,3.0,9.0,4.0,9.0,10.0,7.0,10.0,7.0,13.0,11.0,6.0,11.0
147,4,21,7,28,19,5,34,10,Wolverhampton,2019,5,25,-6,19,19,8,23,6,1.21,1.79,0.58,2.45,0.5,0.24,0.29,38,0.26,0.21,0.97,0.82,0.37,0.18,0.05,0.03,0.03,2.58,0.42,0.37,0.26,0.21,0.32,0.95,0.84,0.37,0.21,0.11,0.05,0.05,2.32,0.58,0.11,0.32,0.32,0.11,1.0,0.79,0.37,0.16,0.0,0.0,0.0,1.03,0.13,0.55,0.68,0.32,0.18,0.63,0.32,0.08,0.0,0.0,0.0,0.0,22.0,17.0,24.0,30.0,7.0,5.0,13.0,7.0,2.0,5.0,5.0,5.0,8.0,8.0,11.0,17.0
148,4,27,5,32,19,6,31,9,West Ham Utd,2019,3,28,-8,20,19,10,21,6,1.11,1.63,0.52,2.82,0.47,0.18,0.37,38,0.34,0.16,0.97,0.82,0.5,0.34,0.11,0.05,0.03,3.11,0.53,0.21,0.32,0.26,0.16,0.95,0.79,0.58,0.47,0.16,0.11,0.05,2.53,0.42,0.16,0.42,0.42,0.16,1.0,0.84,0.42,0.21,0.05,0.0,0.0,1.21,0.16,0.53,0.58,0.32,0.26,0.74,0.37,0.11,0.0,0.0,0.0,0.0,24.0,22.0,31.0,30.0,7.0,7.0,10.0,8.0,7.0,7.0,9.0,7.0,6.0,15.0,16.0,8.0
149,5,25,5,30,19,6,29,8,Bournemouth,2019,1,45,-19,26,19,13,16,5,0.84,1.53,0.69,3.32,0.45,0.26,0.32,38,0.29,0.24,0.97,0.89,0.63,0.42,0.21,0.13,0.03,2.89,0.53,0.32,0.21,0.16,0.26,0.95,0.79,0.58,0.37,0.11,0.11,0.0,3.74,0.37,0.21,0.42,0.42,0.21,1.0,1.0,0.68,0.47,0.32,0.16,0.05,1.61,0.29,0.47,0.47,0.24,0.24,0.76,0.42,0.29,0.08,0.03,0.03,0.0,33.0,28.0,37.0,28.0,8.0,7.0,11.0,7.0,14.0,14.0,12.0,7.0,10.0,8.0,15.0,13.0
150,3,20,4,24,19,8,27,8,Leicester City,2019,4,28,-1,27,19,8,25,7,1.32,1.42,0.1,2.61,0.58,0.26,0.21,38,0.16,0.21,0.95,0.74,0.5,0.24,0.11,0.05,0.03,2.32,0.47,0.32,0.32,0.21,0.21,0.89,0.74,0.47,0.16,0.05,0.0,0.0,2.89,0.68,0.21,0.11,0.11,0.21,1.0,0.74,0.53,0.32,0.16,0.11,0.05,1.11,0.16,0.42,0.66,0.42,0.18,0.76,0.32,0.03,0.0,0.0,0.0,0.0,27.0,15.0,21.0,36.0,12.0,3.0,2.0,7.0,13.0,5.0,4.0,9.0,7.0,9.0,10.0,18.0
151,3,28,-2,26,19,8,27,8,Watford,2019,5,31,-5,26,19,8,23,6,1.21,1.42,0.21,2.92,0.61,0.18,0.26,38,0.21,0.13,0.95,0.87,0.63,0.26,0.16,0.05,0.0,2.84,0.63,0.21,0.21,0.16,0.16,0.95,0.84,0.68,0.21,0.16,0.0,0.0,3.0,0.58,0.16,0.32,0.26,0.11,0.95,0.89,0.58,0.32,0.16,0.11,0.0,1.16,0.11,0.53,0.63,0.37,0.26,0.74,0.29,0.05,0.03,0.03,0.03,0.0,26.0,18.0,33.0,34.0,8.0,6.0,5.0,8.0,13.0,4.0,9.0,7.0,7.0,16.0,17.0,11.0
152,1,25,-1,24,19,10,25,8,Newcastle Utd,2019,8,23,-5,18,19,7,20,4,1.05,1.32,0.27,2.37,0.47,0.29,0.34,38,0.24,0.18,0.89,0.74,0.47,0.18,0.08,0.0,0.0,2.58,0.47,0.26,0.32,0.26,0.21,0.95,0.79,0.58,0.16,0.11,0.0,0.0,2.16,0.47,0.32,0.37,0.21,0.16,0.84,0.68,0.37,0.21,0.05,0.0,0.0,1.13,0.21,0.58,0.55,0.21,0.24,0.66,0.37,0.11,0.0,0.0,0.0,0.0,20.0,23.0,28.0,19.0,8.0,7.0,7.0,10.0,5.0,6.0,7.0,5.0,5.0,5.0,16.0,9.0
153,8,30,-3,27,19,6,23,5,Southampton,2019,4,35,-17,18,19,11,16,4,0.84,1.21,0.37,2.89,0.66,0.18,0.26,38,0.16,0.08,0.89,0.84,0.61,0.34,0.13,0.05,0.03,3.0,0.79,0.16,0.16,0.05,0.05,0.89,0.89,0.68,0.37,0.11,0.05,0.0,2.79,0.53,0.21,0.37,0.26,0.11,0.89,0.79,0.53,0.32,0.16,0.05,0.05,1.37,0.21,0.55,0.58,0.24,0.21,0.66,0.39,0.21,0.08,0.03,0.0,0.0,30.0,22.0,35.0,23.0,7.0,7.0,10.0,8.0,13.0,7.0,12.0,10.0,7.0,6.0,16.0,7.0
154,2,32,-8,24,19,10,23,7,Burnley,2019,5,36,-15,21,19,10,17,4,0.89,1.21,0.32,2.97,0.55,0.21,0.32,38,0.24,0.13,0.92,0.82,0.58,0.42,0.13,0.11,0.0,2.95,0.58,0.26,0.16,0.16,0.26,1.0,0.89,0.58,0.37,0.05,0.05,0.0,3.0,0.53,0.16,0.47,0.32,0.0,0.84,0.74,0.58,0.47,0.21,0.16,0.0,1.39,0.29,0.5,0.53,0.21,0.18,0.68,0.42,0.18,0.08,0.03,0.0,0.0,29.0,24.0,39.0,21.0,12.0,6.0,11.0,7.0,6.0,11.0,10.0,5.0,11.0,6.0,18.0,10.0
155,5,28,-9,19,19,8,23,6,Brighton,2019,4,32,-16,16,19,12,13,3,0.68,1.21,0.53,2.5,0.53,0.18,0.34,38,0.29,0.13,0.95,0.68,0.47,0.26,0.11,0.03,0.0,2.47,0.53,0.26,0.26,0.21,0.21,0.95,0.63,0.42,0.32,0.16,0.0,0.0,2.53,0.53,0.11,0.42,0.37,0.05,0.95,0.74,0.53,0.21,0.05,0.05,0.0,1.13,0.16,0.39,0.68,0.45,0.16,0.76,0.26,0.08,0.03,0.0,0.0,0.0,26.0,17.0,34.0,18.0,4.0,3.0,11.0,8.0,11.0,6.0,10.0,4.0,13.0,9.0,11.0,5.0
156,3,36,-14,22,19,10,21,6,Fulham,2019,2,45,-33,12,19,16,5,1,0.26,1.11,0.85,3.03,0.5,0.13,0.39,38,0.37,0.11,0.97,0.84,0.55,0.34,0.21,0.11,0.0,3.05,0.53,0.16,0.32,0.32,0.16,1.0,0.89,0.53,0.26,0.21,0.16,0.0,3.0,0.47,0.11,0.47,0.42,0.05,0.95,0.79,0.58,0.42,0.21,0.05,0.0,1.47,0.21,0.29,0.71,0.5,0.08,0.79,0.42,0.18,0.05,0.03,0.0,0.0,41.0,15.0,40.0,19.0,12.0,4.0,21.0,2.0,8.0,9.0,7.0,6.0,13.0,8.0,20.0,5.0
157,5,23,-4,19,19,9,20,5,Crystal Palace,2019,2,30,2,32,19,8,29,9,1.53,1.05,-0.48,2.74,0.5,0.32,0.29,38,0.18,0.21,0.89,0.74,0.45,0.34,0.18,0.05,0.05,2.21,0.37,0.37,0.42,0.26,0.21,0.84,0.63,0.32,0.21,0.05,0.05,0.05,3.26,0.63,0.26,0.16,0.11,0.21,0.95,0.84,0.58,0.47,0.32,0.05,0.05,0.87,0.08,0.71,0.58,0.21,0.34,0.63,0.11,0.11,0.03,0.0,0.0,0.0,13.0,20.0,40.0,31.0,2.0,2.0,4.0,5.0,7.0,13.0,13.0,5.0,13.0,7.0,14.0,19.0
158,2,38,-17,21,19,11,20,6,Cardiff City,2019,2,31,-18,13,19,13,14,4,0.74,1.05,0.31,2.71,0.39,0.26,0.45,38,0.34,0.16,0.89,0.74,0.5,0.26,0.24,0.08,0.0,3.11,0.47,0.26,0.37,0.26,0.16,0.89,0.79,0.63,0.32,0.32,0.16,0.0,2.32,0.32,0.26,0.53,0.42,0.16,0.89,0.68,0.37,0.21,0.16,0.0,0.0,1.08,0.16,0.5,0.74,0.34,0.11,0.61,0.26,0.16,0.05,0.0,0.0,0.0,30.0,11.0,39.0,23.0,9.0,3.0,10.0,5.0,11.0,3.0,8.0,6.0,13.0,5.0,18.0,12.0
159,3,31,-21,10,19,14,9,2,Huddersfield,2019,4,45,-33,12,19,14,7,1,0.37,0.47,0.1,2.58,0.42,0.13,0.5,38,0.45,0.08,0.95,0.71,0.45,0.24,0.13,0.05,0.05,2.16,0.42,0.16,0.47,0.42,0.11,0.95,0.63,0.42,0.11,0.05,0.0,0.0,3.0,0.42,0.11,0.53,0.47,0.05,0.95,0.79,0.47,0.37,0.21,0.11,0.11,1.29,0.18,0.32,0.74,0.5,0.08,0.76,0.39,0.11,0.03,0.0,0.0,0.0,38.0,11.0,38.0,11.0,8.0,4.0,16.0,3.0,14.0,4.0,7.0,4.0,13.0,3.0,18.0,4.0
160,0,9,26,35,13,0,39,13,Liverpool,2020,1,6,20,26,13,0,37,12,2.85,3.0,0.15,2.92,0.54,0.46,0.0,26,0.0,0.46,1.0,0.85,0.65,0.27,0.08,0.04,0.04,3.38,0.62,0.38,0.0,0.0,0.38,1.0,0.92,0.69,0.46,0.15,0.08,0.08,2.46,0.46,0.54,0.0,0.0,0.54,1.0,0.77,0.62,0.08,0.0,0.0,0.0,1.42,0.08,0.81,0.27,0.12,0.65,0.85,0.31,0.12,0.08,0.04,0.04,0.0,,,,,,,,,,,,,,,,
161,2,12,21,33,13,2,29,9,Manchester City,2020,1,17,18,35,14,4,28,9,2.0,2.23,0.23,3.59,0.56,0.37,0.07,27,0.07,0.37,1.0,0.93,0.74,0.52,0.22,0.07,0.07,3.46,0.54,0.38,0.08,0.08,0.38,1.0,1.0,0.77,0.38,0.08,0.08,0.08,3.71,0.57,0.36,0.07,0.07,0.36,1.0,0.86,0.71,0.64,0.36,0.07,0.07,1.67,0.26,0.59,0.41,0.15,0.33,0.74,0.52,0.3,0.07,0.04,0.0,0.0,,,,,,,,,,,,,,,,
162,3,15,11,26,14,3,27,8,Leicester City,2020,2,12,16,28,13,4,23,7,1.77,1.93,0.16,3.0,0.56,0.33,0.19,27,0.11,0.26,0.93,0.85,0.63,0.3,0.15,0.04,0.04,2.93,0.57,0.29,0.21,0.14,0.21,0.93,0.86,0.64,0.36,0.14,0.0,0.0,3.08,0.54,0.38,0.15,0.08,0.31,0.92,0.85,0.62,0.23,0.15,0.08,0.08,1.3,0.26,0.52,0.52,0.22,0.22,0.7,0.37,0.15,0.04,0.04,0.0,0.0,,,,,,,,,,,,,,,,
163,2,12,13,25,13,3,26,8,Tottenham,2020,5,24,-5,19,14,6,14,3,1.0,2.0,1.0,2.96,0.67,0.15,0.22,27,0.19,0.11,0.96,0.85,0.67,0.33,0.15,0.0,0.0,2.85,0.54,0.23,0.23,0.23,0.23,1.0,0.85,0.54,0.31,0.15,0.0,0.0,3.07,0.79,0.07,0.21,0.14,0.0,0.93,0.86,0.79,0.36,0.14,0.0,0.0,1.48,0.19,0.44,0.52,0.37,0.3,0.85,0.37,0.22,0.04,0.0,0.0,0.0,,,,,,,,,,,,,,,,
164,3,14,4,18,13,3,24,7,Everton,2020,3,24,-8,16,13,7,12,3,0.92,1.85,0.93,2.77,0.62,0.23,0.23,26,0.15,0.15,0.92,0.77,0.5,0.35,0.15,0.04,0.04,2.46,0.46,0.38,0.23,0.15,0.31,0.92,0.69,0.38,0.38,0.08,0.0,0.0,3.08,0.77,0.08,0.23,0.15,0.0,0.92,0.85,0.62,0.31,0.23,0.08,0.08,1.27,0.27,0.65,0.35,0.08,0.38,0.73,0.27,0.12,0.08,0.04,0.04,0.0,,,,,,,,,,,,,,,,
165,5,12,12,24,13,2,23,6,Manchester Utd,2020,3,17,-3,14,13,6,15,4,1.15,1.77,0.62,2.58,0.5,0.23,0.31,26,0.27,0.19,0.96,0.85,0.38,0.27,0.08,0.04,0.0,2.77,0.62,0.31,0.15,0.08,0.23,0.92,0.85,0.54,0.38,0.08,0.0,0.0,2.38,0.38,0.15,0.46,0.46,0.15,1.0,0.85,0.23,0.15,0.08,0.08,0.0,1.23,0.12,0.58,0.42,0.31,0.46,0.88,0.27,0.04,0.04,0.0,0.0,0.0,,,,,,,,,,,,,,,,
166,1,18,1,19,14,6,22,7,Burnley,2020,3,21,-7,14,13,6,15,4,1.15,1.57,0.42,2.67,0.37,0.37,0.3,27,0.26,0.33,0.96,0.81,0.59,0.15,0.11,0.04,0.0,2.64,0.29,0.5,0.29,0.21,0.43,0.93,0.79,0.57,0.14,0.14,0.07,0.0,2.69,0.46,0.23,0.31,0.31,0.23,1.0,0.85,0.62,0.15,0.08,0.0,0.0,1.15,0.11,0.48,0.74,0.41,0.15,0.67,0.41,0.07,0.0,0.0,0.0,0.0,,,,,,,,,,,,,,,,
167,3,15,3,18,14,5,21,6,Chelsea,2020,2,22,5,27,13,4,23,7,1.77,1.5,-0.27,3.04,0.59,0.19,0.22,27,0.22,0.19,1.0,0.85,0.59,0.33,0.15,0.07,0.04,2.36,0.43,0.29,0.29,0.29,0.29,1.0,0.79,0.43,0.14,0.0,0.0,0.0,3.77,0.77,0.08,0.15,0.15,0.08,1.0,0.92,0.77,0.54,0.31,0.15,0.08,1.33,0.15,0.63,0.48,0.22,0.37,0.74,0.37,0.15,0.07,0.0,0.0,0.0,,,,,,,,,,,,,,,,
168,3,13,3,16,14,5,21,6,Sheffield Utd,2020,7,12,1,13,13,2,19,4,1.46,1.5,0.04,2.0,0.44,0.33,0.26,27,0.22,0.3,0.96,0.67,0.22,0.07,0.04,0.04,0.0,2.07,0.36,0.36,0.29,0.29,0.36,1.0,0.57,0.29,0.07,0.07,0.07,0.0,1.92,0.54,0.31,0.23,0.15,0.23,0.92,0.77,0.15,0.08,0.0,0.0,0.0,0.81,0.11,0.63,0.67,0.26,0.22,0.59,0.19,0.04,0.0,0.0,0.0,0.0,,,,,,,,,,,,,,,,
169,5,18,4,22,13,3,20,5,Arsenal,2020,8,16,-2,14,13,3,14,2,1.08,1.54,0.46,2.69,0.65,0.23,0.19,26,0.12,0.15,0.92,0.81,0.54,0.38,0.04,0.0,0.0,3.08,0.69,0.23,0.08,0.08,0.23,1.0,0.92,0.69,0.38,0.08,0.0,0.0,2.31,0.62,0.23,0.31,0.15,0.08,0.85,0.69,0.38,0.38,0.0,0.0,0.0,1.27,0.19,0.46,0.54,0.35,0.27,0.81,0.31,0.15,0.0,0.0,0.0,0.0,,,,,,,,,,,,,,,,
170,5,12,0,12,13,3,20,5,Newcastle Utd,2020,2,29,-17,12,14,9,11,3,0.79,1.54,0.75,2.41,0.44,0.26,0.37,27,0.3,0.19,0.93,0.63,0.44,0.3,0.11,0.0,0.0,1.85,0.46,0.38,0.31,0.15,0.23,0.85,0.54,0.38,0.08,0.0,0.0,0.0,2.93,0.43,0.14,0.43,0.43,0.14,1.0,0.71,0.5,0.5,0.21,0.0,0.0,1.07,0.22,0.52,0.63,0.26,0.15,0.63,0.33,0.07,0.04,0.0,0.0,0.0,,,,,,,,,,,,,,,,
171,4,13,-2,11,14,5,19,5,Crystal Palace,2020,5,19,-6,13,13,5,14,3,1.08,1.36,0.28,2.07,0.44,0.26,0.37,27,0.3,0.19,0.93,0.7,0.3,0.15,0.0,0.0,0.0,1.71,0.36,0.36,0.36,0.29,0.29,0.93,0.64,0.14,0.0,0.0,0.0,0.0,2.46,0.54,0.15,0.38,0.31,0.08,0.92,0.77,0.46,0.31,0.0,0.0,0.0,0.67,0.04,0.74,0.78,0.22,0.19,0.44,0.11,0.07,0.04,0.0,0.0,0.0,,,,,,,,,,,,,,,,
172,6,14,3,17,13,3,18,4,Brighton,2020,4,25,-10,15,14,8,10,2,0.71,1.38,0.67,2.63,0.59,0.19,0.26,27,0.22,0.15,0.96,0.89,0.44,0.22,0.07,0.04,0.0,2.38,0.54,0.23,0.23,0.23,0.23,1.0,0.92,0.23,0.15,0.08,0.0,0.0,2.86,0.64,0.14,0.29,0.21,0.07,0.93,0.86,0.64,0.29,0.07,0.07,0.0,1.15,0.15,0.52,0.63,0.33,0.22,0.7,0.37,0.04,0.04,0.0,0.0,0.0,,,,,,,,,,,,,,,,
173,6,17,1,18,13,3,18,4,Wolverhampton,2020,6,15,2,17,13,3,18,4,1.38,1.38,0.0,2.58,0.73,0.23,0.15,26,0.04,0.12,0.88,0.85,0.42,0.19,0.15,0.04,0.04,2.69,0.77,0.23,0.08,0.0,0.15,0.92,0.92,0.38,0.15,0.15,0.08,0.08,2.46,0.69,0.23,0.23,0.08,0.08,0.85,0.77,0.46,0.23,0.15,0.0,0.0,1.15,0.12,0.38,0.73,0.5,0.15,0.77,0.23,0.12,0.04,0.0,0.0,0.0,,,,,,,,,,,,,,,,
174,2,24,-6,18,13,6,17,5,Aston Villa,2020,2,28,-12,16,14,10,8,2,0.57,1.31,0.74,3.19,0.67,0.15,0.22,27,0.19,0.11,0.96,0.89,0.7,0.33,0.19,0.07,0.04,3.23,0.69,0.31,0.08,0.0,0.23,0.92,0.85,0.69,0.38,0.23,0.08,0.08,3.14,0.64,0.0,0.36,0.36,0.0,1.0,0.93,0.71,0.29,0.14,0.07,0.0,1.41,0.19,0.48,0.52,0.33,0.3,0.81,0.44,0.11,0.04,0.0,0.0,0.0,,,,,,,,,,,,,,,,
175,4,19,-4,15,13,5,16,4,Bournemouth,2020,1,24,-13,11,14,10,10,3,0.71,1.23,0.52,2.56,0.52,0.15,0.41,27,0.33,0.07,0.93,0.7,0.59,0.3,0.04,0.0,0.0,2.62,0.62,0.15,0.31,0.23,0.08,0.92,0.77,0.62,0.31,0.0,0.0,0.0,2.5,0.43,0.14,0.5,0.43,0.07,0.93,0.64,0.57,0.29,0.07,0.0,0.0,1.33,0.22,0.48,0.56,0.3,0.22,0.74,0.48,0.11,0.0,0.0,0.0,0.0,,,,,,,,,,,,,,,,
176,5,17,-4,13,13,5,14,3,Watford,2020,4,23,-12,11,13,7,10,2,0.77,1.08,0.31,2.46,0.42,0.31,0.42,26,0.27,0.15,0.85,0.81,0.46,0.15,0.08,0.04,0.04,2.31,0.38,0.46,0.46,0.15,0.15,0.69,0.69,0.62,0.23,0.08,0.0,0.0,2.62,0.46,0.15,0.38,0.38,0.15,1.0,0.92,0.31,0.08,0.08,0.08,0.08,1.15,0.15,0.58,0.54,0.27,0.31,0.73,0.23,0.08,0.08,0.04,0.0,0.0,,,,,,,,,,,,,,,,
177,2,30,-14,16,14,8,14,4,Southampton,2020,2,18,0,18,13,5,20,6,1.54,1.0,-0.54,3.04,0.63,0.22,0.15,27,0.15,0.22,1.0,0.89,0.63,0.26,0.11,0.04,0.04,3.29,0.71,0.14,0.14,0.14,0.14,1.0,0.86,0.64,0.29,0.21,0.07,0.07,2.77,0.54,0.31,0.15,0.15,0.31,1.0,0.92,0.62,0.23,0.0,0.0,0.0,1.33,0.19,0.56,0.52,0.26,0.3,0.74,0.37,0.11,0.07,0.04,0.0,0.0,,,,,,,,,,,,,,,,
178,3,25,-5,20,13,7,12,3,West Ham Utd,2020,3,20,-10,10,13,7,12,3,0.92,0.92,0.0,2.88,0.5,0.23,0.31,26,0.27,0.19,0.96,0.85,0.5,0.35,0.19,0.04,0.0,3.46,0.62,0.23,0.15,0.15,0.23,1.0,1.0,0.62,0.46,0.31,0.08,0.0,2.31,0.38,0.23,0.46,0.38,0.15,0.92,0.69,0.38,0.23,0.08,0.0,0.0,1.19,0.15,0.5,0.58,0.35,0.27,0.77,0.38,0.04,0.0,0.0,0.0,0.0,,,,,,,,,,,,,,,,
179,3,26,-8,18,13,7,12,3,Norwich City,2020,3,22,-16,6,13,9,6,1,0.46,0.92,0.46,2.77,0.54,0.15,0.38,26,0.31,0.08,0.92,0.81,0.5,0.35,0.15,0.04,0.0,3.38,0.77,0.08,0.15,0.15,0.08,1.0,0.85,0.69,0.54,0.23,0.08,0.0,2.15,0.31,0.23,0.62,0.46,0.08,0.85,0.77,0.31,0.15,0.08,0.0,0.0,1.35,0.15,0.46,0.62,0.38,0.23,0.77,0.35,0.15,0.08,0.0,0.0,0.0,,,,,,,,,,,,,,,,
